北海道, https://www.youtube.com/user/hokkaido
札幌市, https://www.youtube.com/user/SapporoPRD
函館市, https://www.youtube.com/channel/UCzuoycG58kXrfWPfjDcFP2Q
小樽市, https://www.youtube.com/user/otarucity
旭川市, https://www.youtube.com/user/kohokocho027
室蘭市, https://www.youtube.com/channel/UCaxkxH7Pqa75UxgVIpTlkCg
釧路市, https://www.youtube.com/channel/UCqux4cizQT592MiWqp1m3kQ
帯広市, https://www.youtube.com/channel/UCCOG-BqMClvrnLDES5Gj4qw
北見市, https://www.youtube.com/c/KitamiCity
夕張市, https://www.youtube.com/channel/UCDRnticBU_t3869XYrld9fw
岩見沢市, https://www.youtube.com/channel/UCJ1qyx46EWfODjkwWHrORoQ
芦別市, https://www.youtube.com/channel/UCPhiZYOtgyqdIf_cfxbyckA
江別市, https://www.youtube.com/channel/UCIPX0Fppz2nJwp0EZgYenFA
赤平市, https://www.youtube.com/channel/UCTURdOf6Yiwyw9r3iqeBLjA
登別市, https://www.youtube.com/channel/UCRIzW5vxP3xbyFTVM6vDxTw
石狩市, https://www.youtube.com/channel/UCJzmklT0SrfML5NvqTWV1nw/fe ...
七飯町, https://www.youtube.com/channel/UCZT0oskIxlb2MmdK2i5OorQ
森町, https://www.youtube.com/user/townmorihokkaido
上ノ国町, https://www.youtube.com/channel/UCc3fkZJQfDPIJRF4mCyKNjg
せたな町, https://www.youtube.com/user/SetanaTV
真狩村, https://www.youtube.com/channel/UCsr8Gb9Pg8AJBMojO1ZHJSA
栗山町, https://www.youtube.com/channel/UCKDMoKCyvYDrPmuZBVfSqSw
浦臼町, https://www.youtube.com/channel/UCFsVzWADei2qrnLCd3NwnoA
鷹栖町, https://www.youtube.com/user/TownofTakasu
東神楽町, https://www.youtube.com/channel/UCgiNpE0E1YFV6Ef4dI-I7ig
当麻町, https://www.youtube.com/user/TohmaTownHokkaido
比布町, https://www.youtube.com/user/pipputown
上川町, https://www.youtube.com/channel/UCXbba8YGRR8n_GfD7vpVatg
東川町, https://www.youtube.com/channel/UCrt9whvvry_2-zMjF4NznvA
中富良野町, https://www.youtube.com/channel/UCNUKO6Ei2igIpEAbFKXBI6w
南富良野町, https://www.youtube.com/user/MrMinamifurano
剣淵町, https://www.youtube.com/user/kembuchi
羽幌町, https://www.youtube.com/channel/UCCbemZ0JLoL7YsSgz_7rSIw
豊富町, https://www.youtube.com/channel/UCzdr3LToPpGkjQq5zF_Geqw
利尻町, https://www.youtube.com/channel/UCZjxqN0kas-AUlDp4D0UC8w
置戸町, https://www.youtube.com/channel/UC2_487haZ2sv3DK5SxptvJw
佐呂間町, https://www.youtube.com/user/townsaroma
遠軽町, https://www.youtube.com/channel/UCWz9BAnoMuCxpcIdYlxUKBA
大空町, https://www.youtube.com/channel/UCksFG-6H9CDLZ8lPBz-KQmQ
壮瞥町, https://www.youtube.com/channel/UC6cwIroUdSZLbHeWRco2vgA
厚真町, https://www.youtube.com/channel/UCFn4YVLsDX0TkNzAljeKrDw
洞爺湖町, https://www.youtube.com/channel/UCmglAgAz9ulmXcXBRlsgf3g
安平町, https://www.youtube.com/channel/UCn5xJKPFmSvpSAd9LGJiKAw
浦河町, https://www.youtube.com/channel/UCjWAeKujxmkartxsiw84ONg
浦幌町, https://www.youtube.com/channel/UCuoeRxPS1xULe4QGavfPirA
釧路町, https://www.youtube.com/user/KUSHIROTown
厚岸町, https://www.youtube.com/user/AkkeshiHokkaido
弟子屈町, https://www.youtube.com/channel/UC_Ta1K2GUj9ihIiqSxtT-PQ
青森県, https://www.youtube.com/user/AomoriPref
青森市, https://www.youtube.com/channel/UC6UO7mEBmD03weHkmRUlh1g
弘前市, https://www.youtube.com/user/hirosakicitypromo
八戸市, https://www.youtube.com/user/KohoHachinohe
十和田市, https://www.youtube.com/user/TowadaCityOfficial
むつ市, https://www.youtube.com/channel/UCIcCbH0npEJm_Et2LgFBBzg
平川市, https://www.youtube.com/channel/UCUF9_YVJDj1Wg1VDK3AVvGw
平内町, https://www.youtube.com/channel/UC0ockmYvX5ugb9Id8ksBiSA
外ヶ浜町, https://www.youtube.com/channel/UCl-UZiF1D8e9BDBpH1nF0kw
西目屋村, https://www.youtube.com/channel/UC1_IfW8bcHhdp4GUfXqjXCw
おいらせ町, https://www.youtube.com/channel/UCMqbsHZUzRP1lqKMYcolIKA
岩手県, https://www.youtube.com/user/prefiwate
盛岡市, https://www.youtube.com/user/webmorioka
宮古市, https://www.youtube.com/channel/UCwfgC_azoL28vRn9UNvqs8Q
大船渡市, https://www.youtube.com/channel/UC8lGm-AQug3zhH4IVtCLiGw
北上市, https://www.youtube.com/channel/UC4MsZh1o-GbCAf-EvxtTMRg
久慈市, https://www.youtube.com/channel/UCWkSdwvcqhkurreIC8G0m9Q
一関市, https://www.youtube.com/channel/UCdegYolRXyV-aZZEU19DquQ
陸前高田市, https://www.youtube.com/user/rikuzentakatacity
二戸市, https://www.youtube.com/user/ninohecity
八幡平市, https://www.youtube.com/user/hachimantaifan
奥州市, https://www.youtube.com/channel/UC2OntuPIEceMInkVMe_IUhA
葛巻町, https://www.youtube.com/user/kuzumakimachi1
矢巾町, https://www.youtube.com/channel/UCBmNTP8PhUb9RuJ7MJ4LRhg
金ケ崎町, https://www.youtube.com/channel/UCDf0OVhfIWA6c8R4fH-Afew
平泉町, https://www.youtube.com/user/hiraizumifanchannel
田野畑村, https://www.youtube.com/channel/UCzJ_3cx4trxKegULgjq61vQ
宮城県, https://www.youtube.com/channel/UCsSLg4zjhM3yOLG2XkYx0zw
仙台市, https://www.youtube.com/channel/UCl0yr8HUK8s9MhBli6uxxOg
塩竈市, https://www.youtube.com/channel/UCVJg0897YSGee237K-42CRQ
気仙沼市, https://www.youtube.com/channel/UCjcXzAI2-zPy2FnryZXxN6A
白石市, https://www.youtube.com/channel/UCISLxFDJifXADm4_Uez4GFg
多賀城市, https://www.youtube.com/channel/UCaATZIbK0FK9vgEaUzPpwzg
岩沼市, https://www.youtube.com/channel/UCNiww7YsTQZfGhrlzedN_0Q
栗原市, https://www.youtube.com/c/KuriharacityJp_miyagi
富谷市, https://www.youtube.com/channel/UC6isSBgT-yPYeAcoWWNaz4Q
蔵王町, https://www.youtube.com/channel/UCyRas68-gJJcVQzUXO-vo_g
大河原町, https://www.youtube.com/channel/UCpu4tioCZot1TotrEsjaHng
村田町, https://www.youtube.com/channel/UCUImh2HHz0P4ryAoGOQlESA
亘理町, https://www.youtube.com/c/TownWatariMiyagiJp-comeonwatari
利府町, https://www.youtube.com/channel/UCRRUhc0YB8bSkFkntwNqBVg
涌谷町, https://www.youtube.com/channel/UCtrSVHFQ3_FQXlTZ18Zu2tw
南三陸町, https://www.youtube.com/channel/UCjyBqRg3u1fmtJFTdzAryhg
秋田県, https://www.youtube.com/user/prefakita
秋田市, https://www.youtube.com/channel/UCR39N_DInHCqT1n72gwbURg
能代市, https://www.youtube.com/channel/UCr5PsqeqoLG4NYpWy3gFZyg
横手市, https://www.youtube.com/channel/UCGzqwGXbKU9ugaKcxL1ObwA
大館市, https://www.youtube.com/channel/UCMCPPZh9uUKFyruiVj0bm5A
大仙市, https://www.youtube.com/user/DaisenCity
北秋田市, https://www.youtube.com/channel/UC2A7p-k1uUe4Il-U_03bLZQ
にかほ市, https://www.youtube.com/channel/UCiiMkEaPzUIStiOEMiBZYww
上小阿仁村, https://www.youtube.com/channel/UCxvYz75KniGTdmtkiyk4N7g
山形県, https://www.youtube.com/user/yamagatakoho
山形市, https://www.youtube.com/channel/UCIQh7tMp4OSVH_e3nChZy2g
米沢市, https://www.youtube.com/channel/UCZbv5opg3wtEBD9khszn3_A
鶴岡市, https://www.youtube.com/channel/UC9gb7CFR6bf2oaIUS1FguaQ
酒田市, https://www.youtube.com/user/sakatacity
新庄市, https://www.youtube.com/channel/UCK8_pv3dyd4mjqgAN9XEOFw
寒河江市, https://www.youtube.com/channel/UCN0Rn34prP7xERWvF8HKPbA
上山市, https://www.youtube.com/channel/UCUju1eVfbum2zAhSbfKHN_w
村山市, https://www.youtube.com/channel/UC_NDYZlWcGvtDsXtqsV-grg
長井市, https://www.youtube.com/channel/UCCp-UB7CAzJG4XeJ2-_76mQ
天童市, https://www.youtube.com/channel/UCagjbZILXDY2upNXTqNLyIA
東根市, https://www.youtube.com/channel/UCXhVpR8C4fZuggKiAPuOc-Q
尾花沢市, https://www.youtube.com/channel/UCQVW4KbQuIHZlSa67ep60rw
大江町, https://www.youtube.com/channel/UCgKq7tPatOsjg1duaBZdyTw
大石田町, https://www.youtube.com/user/OISHIDATOWN
最上町, https://www.youtube.com/channel/UCPxnJcFLQhG3_ccDQmBSFaw
真室川町, https://www.youtube.com/channel/UCBVhhKzw6J3_i0m-3mPjYig
高畠町, https://www.youtube.com/channel/UCTnBWTgZVO4tHb5laR49_zw
福島県, https://www.youtube.com/user/PrefFukushima
福島市, https://www.youtube.com/channel/UCTJc-N7wtselDWUMaSnjHTw
会津若松市, https://www.youtube.com/user/aizuwakamatsucity
郡山市, https://www.youtube.com/user/KoriyamaCityChannel
いわき市, https://www.youtube.com/channel/UCp2FHMkQUU0CanYq-s5rhcA
白河市, https://www.youtube.com/channel/UCrFt2EB0ug7ub7Dcm1ILS9Q
須賀川市, https://www.youtube.com/user/citysukagawa
喜多方市, https://www.youtube.com/channel/UCAzdaFQQsWnU48k9GeTWBAw
相馬市, https://www.youtube.com/channel/UC9RI9DtNMyyPn4XqcmBqysg
二本松市, https://www.youtube.com/user/kkCityNihonmatsu
南相馬市, https://www.youtube.com/user/minamisomacity
伊達市, https://www.youtube.com/channel/UCi50tVtuQo2mW8YMzN4xHbQ
本宮市, https://www.youtube.com/channel/UCWEj12P6E2j-CLrVjHKuwwg
桑折町, https://www.youtube.com/channel/UCjPNS2rBw_SWUw7flt3Ym2A
大玉村, https://www.youtube.com/channel/UCF_H0TW8GqLYe4ZRFUx3RxQ
天栄村, https://www.youtube.com/channel/UCIm_oFve_Fr5-2cVQBkB7aQ
南会津町, https://www.youtube.com/user/minamiaizutown07368
磐梯町, https://www.youtube.com/channel/UCm4rZC2XKHa8XoqPQjpzTBg
猪苗代町, https://www.youtube.com/channel/UCq3pltTOrYW6YXs_hWGksIg
会津坂下町, https://www.youtube.com/channel/UCA8vFHkScinVAC30tUFABIQ
金山町, https://www.youtube.com/channel/UCxPs9uXyo3BnPiPv4yq0Q-g
昭和村, https://www.youtube.com/channel/UCkQcPdYqzwxlRPWesgvNfDQ
会津美里町, https://www.youtube.com/channel/UCnwkCQ6ChxL-Vk4JnutRMYw
中島村, https://www.youtube.com/channel/UCybZMqBzWKNz1w4wegtdDwA
矢吹町, https://www.youtube.com/channel/UCxXoWh4iQKOp-VuzWHMYV5g
棚倉町, https://www.youtube.com/channel/UCyuNKkRpRaIuDn54o5wurMg
塙町, https://www.youtube.com/channel/UCoS7L4BNMLiMSKS9_TV8Pkw
玉川村, https://www.youtube.com/channel/UCdR6Aywk4XDRbJNGDWgcuIg
平田村, https://www.youtube.com/channel/UCNVi4y9ecnVZuWOj7QB9VpQ
古殿町, https://www.youtube.com/channel/UC6-P07dkJxpGotPSeD2rXjA
三春町, https://www.youtube.com/channel/UCr06nHoa4Nd59wIwxYh2QNw
小野町, https://www.youtube.com/user/fukushimaonomachi
広野町, https://www.youtube.com/user/hironotown
楢葉町, https://www.youtube.com/channel/UCJAImFgRrqpt9IoUF_p_UYA
富岡町, https://www.youtube.com/channel/UC9601DyTCTx7wJVWweEWzpg
大熊町, https://www.youtube.com/channel/UCXxuTIfznRajzCjJOqACt4w
双葉町, https://www.youtube.com/user/futabakoho
浪江町, https://www.youtube.com/channel/UCSeFpozPKXTm_frDTqccxpQ
茨城県, https://www.youtube.com/user/ibaraki
水戸市, https://www.youtube.com/channel/UC7kfCD8QVyl3IdLbX9FKzqA
日立市, https://www.youtube.com/user/hitachicity
土浦市, https://www.youtube.com/channel/UCKwh4taREnWOboFQdz8rZFg
古河市, https://www.youtube.com/channel/UCpmYqLT66uNGorncB7IOqsw
石岡市, https://www.youtube.com/channel/UCy38UVCdvC3Vy6hNUf8aDCA
結城市, https://www.youtube.com/channel/UCYxtMoESgQmbTAd8_oWUuPA
龍ケ崎市, https://www.youtube.com/user/CityRyugasaki
下妻市, https://www.youtube.com/channel/UCjq2OPSKJA1-LVcoe0eYoaA
常総市, https://www.youtube.com/channel/UC1yK9nvb-VGJ6RgPfD-ramA
常陸太田市, https://www.youtube.com/channel/UCv7juZDmkgxsJBorZ3na6iA
高萩市, https://www.youtube.com/channel/UCNvMpvoLkd4gBQER2Nl5zSg
北茨城市, https://www.youtube.com/channel/UCoZDJ4vC5qbzeroPgkJ_IEA
笠間市, https://www.youtube.com/channel/UCEbKiJejWqS0KfniJhVaKhQ
取手市, https://www.youtube.com/channel/UCfZm4xIsRd7JSKw2tkP5zPA
牛久市, https://www.youtube.com/user/UshikuInfo
つくば市, https://www.youtube.com/user/tsukubais
ひたちなか市, https://www.youtube.com/channel/UCS6Izf1dCldJkswSsVsaMgg
鹿嶋市, https://www.youtube.com/channel/UCSs6w_Kb6Y-FQCdsXjc0fvw
潮来市, https://www.youtube.com/channel/UC-JcAKrLM0sy-NpkSC3c8XA
守谷市, https://www.youtube.com/channel/UCbmoynpKQjmVBmLNJrJAzxQ
常陸大宮市, https://www.youtube.com/channel/UCzW5p2JQcBwJghItZ4iTFOA
那珂市, https://www.youtube.com/channel/UCCiJ00cnktGPOP-RQhL-CKQ
筑西市, https://www.youtube.com/channel/UCwtd-_L842uPdD0g_USQxQA
坂東市, https://www.youtube.com/channel/UC4Kgn_1jUxgjSqNoSPwud1A
かすみがうら市, https://www.youtube.com/user/kasumigaurakouhou
桜川市, https://www.youtube.com/channel/UCfl5gjC-RUx6qRmIioAigzg
神栖市, https://www.youtube.com/channel/UCGq7GoIAlq8bhla7HaY8BKw
行方市, https://www.youtube.com/channel/UCpvxKACXGcSNKv7wpO6fi8A
つくばみらい市, https://www.youtube.com/channel/UCZ-O6bK9mfgslM9OdokLCyg
小美玉市, https://www.youtube.com/channel/UCbBQR03A-IDITJkUzpyIk6g
茨城町, https://www.youtube.com/channel/UC7Ppp3JTB-hTKBoCAcqNc9Q
大洗町, https://www.youtube.com/user/oarainettv
城里町, https://www.youtube.com/channel/UCUXgjjs2E5pYfWsuQyc2Dcw
東海村, https://www.youtube.com/channel/UCHgqLfWnT2krlBSpDf1IVWg
大子町, https://www.youtube.com/channel/UCOXemWhLlWexnIhEunAYxqw
阿見町, https://www.youtube.com/channel/UCjapUhPl1wzWPGU6VEM-E7w
河内町, https://www.youtube.com/channel/UCDR_xkBeQL3XtHUNqscUEMA
八千代町, https://www.youtube.com/channel/UCigOG9hV5oHgy2YMvb5ieTg
五霞町, https://www.youtube.com/channel/UCIK3KYhdoxjMtKxv6NMNm9Q
利根町, https://www.youtube.com/channel/UCMmf8yiUegXRp28ePhFW0EQ
栃木県, https://www.youtube.com/user/TochigiPref
宇都宮市, https://www.youtube.com/channel/UCdpxrW7HkTICuPzxcZaEDZA
足利市, https://www.youtube.com/channel/UCqqM3hb8XXCRuOcRhc0CKYA
栃木市, https://www.youtube.com/channel/UCTa9PEaXW1HEnfcTBQjiu1g
佐野市, https://www.youtube.com/user/SANOPRTV
鹿沼市, https://www.youtube.com/channel/UC9VWgO9bdtbRlWTVrF_DxMw
日光市, https://www.youtube.com/channel/UCsv_YePjeEQZgdOrweI1Zhw
小山市, https://www.youtube.com/user/oyamacity
真岡市, https://www.youtube.com/channel/UCsIhedzg_VyxA7zmFaPLnUg
大田原市, https://www.youtube.com/channel/UCjso3SZyYxfppYA479ulsCA
矢板市, https://www.youtube.com/channel/UCiqvdPsLHPKK9ht9oS9fkHw
那須塩原市, https://www.youtube.com/channel/UCo_4Z5Fj4RTTp-ehM8U0yQg
さくら市, https://www.youtube.com/channel/UC2Fc99z2wObndV2s78QgJtA
上三川町, https://www.youtube.com/channel/UC7tG_bnAQgdT74KCk9cpe-Q
益子町, https://www.youtube.com/channel/UC-CPkYXdwYSGnvxFjtR6OqQ
壬生町, https://www.youtube.com/user/mibutown
群馬県, https://www.youtube.com/user/gunmakouhouka
前橋市, https://www.youtube.com/user/maebashikoho
高崎市, https://www.youtube.com/channel/UC_RcU8C3Egk-44oQwEJ6RpA
桐生市, https://www.youtube.com/user/kiryuchannel
伊勢崎市, https://www.youtube.com/user/isesakicity
太田市, https://www.youtube.com/user/otacitymovie
沼田市, https://www.youtube.com/channel/UCAI50sjJaNyTpuhmDoCKHUg
館林市, https://www.youtube.com/channel/UC4Vi3J8QNgyAr7FU9gjOEeg
渋川市, https://www.youtube.com/channel/UCNnVOaHOoplwKBxxNZDjMFQ
藤岡市, https://www.youtube.com/channel/UCg2ybXT7ezdEt3bgOX7ZwQw
富岡市, https://www.youtube.com/user/tomiokakouhou
みどり市, https://www.youtube.com/channel/UCFmEMrb5U2A9qeczUsYfmSg
下仁田町, https://www.youtube.com/channel/UCFnbmGhTOzwpa5h96VXOC8w
南牧村, https://www.youtube.com/user/NanmokuVillage
甘楽町, https://www.youtube.com/channel/UCUQ2TeS_4eysYlNDHObQubw
板倉町, https://www.youtube.com/channel/UCDALzstblGvSzJ3lpAkh-Gw/
千代田町, https://www.youtube.com/channel/UCd-s8gXuEnUOegL4tne2img
大泉町, https://www.youtube.com/c/oizumikoho/
埼玉県, https://www.youtube.com/user/prefsaitama
さいたま市, https://www.youtube.com/user/saitamacitypr
川越市, https://www.youtube.com/channel/UC_FsvmrZUJryDK_VHvGdB0A
熊谷市, https://www.youtube.com/user/kumagayacity
行田市, https://www.youtube.com/user/GyodaCity
所沢市, https://www.youtube.com/channel/UCXG3ZZpbJx_z1ehuhrDdEEA
飯能市, https://www.youtube.com/user/HannoCitykoho
加須市, https://www.youtube.com/channel/UCBb0T-NvMaIGtoKEnLt21Wg
本庄市, https://www.youtube.com/channel/UCnReXotenLvNO_0dS3ozBMw
東松山市, https://www.youtube.com/user/HigashimatsuyamaCity
春日部市, https://www.youtube.com/user/KasukabeCity
狭山市, https://www.youtube.com/channel/UCOA1m6p9NnohcrHBM7kEXCw
羽生市, https://www.youtube.com/user/hanyucitykoho
鴻巣市, https://www.youtube.com/channel/UCtHsTa-t2cGo7ixfINkqYrw
深谷市, https://www.youtube.com/user/FukayaCity
上尾市, https://www.youtube.com/channel/UCIZhw78Bn80cTBhutfQeDIg
草加市, https://www.youtube.com/channel/UC_LoOdwEagpN2CC9aA6JrYg/
越谷市, https://www.youtube.com/user/citykoshigaya
蕨市, https://www.youtube.com/channel/UC_tyKLBp-ZVSSrn0FT_WJYg
戸田市, https://www.youtube.com/user/todacityTV
入間市, https://www.youtube.com/c/irumacity
朝霞市, https://www.youtube.com/channel/UC9qSID3eoDsU_UYUpvHOteg
志木市, https://www.youtube.com/channel/UCvAQqSfZv-RCe17Wzavp_uA
和光市, https://www.youtube.com/user/wakocitychannel
新座市, https://www.youtube.com/c/niizacity
桶川市, https://www.youtube.com/channel/UCUgadle4AEF3OsLnZeNnHuQ
久喜市, https://www.youtube.com/channel/UCXxUHQxFAKuKqwLEuX9PsSA
北本市, https://www.youtube.com/channel/UCWSeASrwwSsRlJ67PM3Fb_Q
八潮市, https://www.youtube.com/channel/UCrGbYdhAw9wdSKITNOpsUMw
富士見市, https://www.youtube.com/channel/UCBDp3qA5O0TATNDVE_ngq3Q
三郷市, https://www.youtube.com/user/misatokoho
坂戸市, https://www.youtube.com/channel/UC0wYg0jxPobCNSXR88694gA
幸手市, https://www.youtube.com/channel/UCWfAFp95JAcvyAz7z1iOIEA
日高市, https://www.youtube.com/channel/UCm-wdZY59vMu1oUQOUqAHCg
吉川市, https://www.youtube.com/channel/UChc0jptStyn8zFUMd04B5LA
白岡市, https://www.youtube.com/channel/UC_SMH_Vm6HP0ohhMRvkXe2w
伊奈町, https://www.youtube.com/channel/UCgCgALRpQg9TQCnMMt-ZdiA
三芳町, https://www.youtube.com/channel/UC4IhxoSsbVfcnW5j_WdsQ6w
毛呂山町, https://www.youtube.com/channel/UC8siawGhaeDLHFx90ZNLM3Q
小川町, https://www.youtube.com/channel/UCY8SMjEzuGMvOIliBFrJkEw
ときがわ町, https://www.youtube.com/user/tokigawamachi
東秩父村, https://www.youtube.com/user/higashichichibu
神川町, https://www.youtube.com/channel/UCfeLH4NS2WUT0dQM3AY35rQ
宮代町, https://www.youtube.com/user/miyashirotv
松伏町, https://www.youtube.com/channel/UCZ1j5XigmutBWl8VpAMKrcg/
千葉県, https://www.youtube.com/channel/UCgwvS1atESFUsoshx0z81WQ
千葉市, https://www.youtube.com/user/chibacityPR
市川市, https://www.youtube.com/channel/UClD3Uf2WQ2vjv7bFdf6OFYQ
船橋市, https://www.youtube.com/watch?v=0xbPS2JAldg&list=PLlhaPjaDx ...
館山市, https://www.youtube.com/channel/UCGrWCqAinh1rfTE7vG3tqjg
木更津市, https://www.youtube.com/user/kisarazushiyakusyo
松戸市, https://www.youtube.com/channel/UC89ey66Qrq6ybApd4qWSIHQ
野田市, https://www.youtube.com/channel/UCQvIpGp7lztLrYPJ3YyrtBA
成田市, https://www.youtube.com/user/NaritaPV
佐倉市, https://www.youtube.com/user/TheSakuraCity
東金市, https://www.youtube.com/channel/UCboK7_M7v-up0OEjPE5aeGw
旭市, https://www.youtube.com/user/cityAsahi
習志野市, https://www.youtube.com/user/narashinocity
柏市, https://www.youtube.com/user/KashiwaCityPR
市原市, https://www.youtube.com/user/CityIchihara
君津市, https://www.youtube.com/user/citykimitsu
浦安市, https://www.youtube.com/user/urayasukoho
四街道市, https://www.youtube.com/channel/UCybnHFmvj4OrJ-0kf6xYK6Q
袖ケ浦市, https://www.youtube.com/channel/UC3O7oVw2gvDa7dZP_Hiptrg
八街市, https://www.youtube.com/channel/UCwUb-BqrRklpHIy9B2zSSPg
印西市, https://www.youtube.com/channel/UCJpLg3Uy6QXCMNr0rAhGzOw
白井市, https://www.youtube.com/channel/UC5O21usiaJUMHwvSuAm1Wng
富里市, https://www.youtube.com/user/CityTomisato
香取市, https://www.youtube.com/user/KatoriCityPromotion
山武市, https://www.youtube.com/channel/UCZpXEjrWULMNkACrJTJ41wQ
大網白里市, https://www.youtube.com/channel/UCCUIjB1334-C2J282wJ0uvw
栄町, https://www.youtube.com/channel/UCJM4eGGl1iBdDqEclqlu2tQ
多古町, https://www.youtube.com/channel/UC8eaJfa24wNw3ubwSUtCdLQ
横芝光町, https://www.youtube.com/channel/UCnZMLpJiqZeueY9sMw6hwfw
長柄町, https://www.youtube.com/channel/UCkbYGas4_9LU9t-oO7Jz4iw
東京都, https://www.youtube.com/user/tokyo
千代田区, https://www.youtube.com/user/chiyodacity
中央区, https://www.youtube.com/channel/UCtOe979jXd7R6busvQz0Epw
港区, https://www.youtube.com/user/tokyominatocity
新宿区, https://www.youtube.com/user/CityShinjuku
文京区, https://www.youtube.com/user/citybunkyotv
台東区, https://www.youtube.com/user/citytaito
墨田区, https://www.youtube.com/channel/UCItGlG2OYEprzNPFyFLEfCw
江東区, https://www.youtube.com/channel/UCswt_A1_U0zRVdcnkR0kn5g
品川区, https://www.youtube.com/channel/UCIFMPWFytLGMhyniNk-mnpQ
目黒区, https://www.youtube.com/user/cityota
大田区, https://www.youtube.com/user/cityota
世田谷区, https://www.youtube.com/user/SetagayaCity
渋谷区, https://www.youtube.com/channel/UCIHS6GaXu7XpLIgG6Om1fEg
中野区, https://www.youtube.com/channel/UCy4HcZNNJ7HiODlx3TodbxQ
杉並区, https://www.youtube.com/channel/UCei-ZSeT_qlXePnjlxgFoIA
豊島区, https://www.youtube.com/user/Toshimananamaru
北区, https://www.youtube.com/channel/UCiSeCBXysySWkkVDYdvQ94w
荒川区, https://www.youtube.com/channel/UC6rhb9tjp5xdZwE5gYhJLUw
板橋区, https://www.youtube.com/user/cityitabashi
練馬区, https://www.youtube.com/user/nerimach
足立区, https://www.youtube.com/user/cityadachi
葛飾区, https://www.youtube.com/user/citykatsushika
江戸川区, https://www.youtube.com/channel/UCYaY1PN7Y-141kZxBm7m_tg
八王子市, https://www.youtube.com/user/HachiojiCityOffice
立川市, https://www.youtube.com/user/TokyoTachikawa
武蔵野市, https://www.youtube.com/user/citymusashino
三鷹市, https://www.youtube.com/channel/UCjFBX6ZFX4WkUK2UMN_UvQA
青梅市, https://www.youtube.com/user/OmeCityHall
府中市, https://www.youtube.com/user/fuchucitytokyo
昭島市, https://www.youtube.com/channel/UCqOdhBEh6R3XeXrs8yjr8LA
調布市, https://www.youtube.com/c/ChofuCityPR
町田市, https://www.youtube.com/user/machidacitytokyo
小金井市, https://www.youtube.com/channel/UCWM0039cTellKApcfGibsSw
小平市, https://www.youtube.com/channel/UCp9YZtjCNcGOq3fQlln31Xg
日野市, https://www.youtube.com/channel/UC-6TrxrjQhjKfPZF7cEMjEg
東村山市, https://www.youtube.com/channel/UCcf5mI83FE4FjsGZ5Qs-uNg
国分寺市, https://www.youtube.com/channel/UCaZ5ycOTa37ffBF7TPJVkiA
国立市, https://www.youtube.com/channel/UCwOE8ChkOx5vMBbEj7dWn0Q
福生市, https://www.youtube.com/user/FussaCityHall
狛江市, https://www.youtube.com/channel/UC0yoxsnkrrtbTYOaRT183lQ
東大和市, https://www.youtube.com/channel/UCy_Pj9vnxpCAliwvNc7aPMA
清瀬市, https://www.youtube.com/channel/UCKyCArgRZFN0Gsd2v0WrchQ
東久留米市, https://www.youtube.com/channel/UCO4ieubrO-knXxuvPguqTQg
武蔵村山市, https://www.youtube.com/channel/UCqLqLhNLlhHOrHwNyLk6Kcg
多摩市, https://www.youtube.com/user/tokyotamacity
稲城市, https://www.youtube.com/channel/UC8HpK1asxbTtFVt_Yyeu5mA
羽村市, https://www.youtube.com/channel/UCYdcmO6EvypnGQaujEBuRMA
西東京市, https://www.youtube.com/channel/UCcl9KkBmbtW8hcBSyAzkeZw
瑞穂町, https://www.youtube.com/channel/UCMrk-CsSCjsCNclCs_cEcXg
神津島村, https://www.youtube.com/user/kouzukouhou
八丈町, https://www.youtube.com/user/HachijoTown
神奈川県, https://www.youtube.com/user/KanagawaPrefPR
横浜市, https://www.youtube.com/user/CityOfYokohama
川崎市, https://www.youtube.com/user/kawasakicitypr
相模原市, https://www.youtube.com/user/SagamiharaCityOffice
横須賀市, https://www.youtube.com/user/yokosukacityoffice
平塚市, https://www.youtube.com/user/kohohiratsuka
鎌倉市, https://www.youtube.com/user/KamakuraOfficial
藤沢市, https://www.youtube.com/channel/UCXJWN20mNCAn0z2zrXnq2og
小田原市, https://www.youtube.com/user/cityodawara
茅ヶ崎市, https://www.youtube.com/user/chigasakikoho
秦野市, https://www.youtube.com/channel/UC8c3LHWRYvVkkqOyg-1QUyQ
厚木市, https://www.youtube.com/user/MrAtsugicity
大和市, https://www.youtube.com/user/YamatoCityofficial
伊勢原市, https://www.youtube.com/user/CityIsehara
座間市, https://www.youtube.com/channel/UCnGgGkVyTrSDFEqpNpUQ9vw
葉山町, https://www.youtube.com/channel/UCiFQoUCaeQLiukQE64zIG7w
寒川町, https://www.youtube.com/channel/UCj8kDCwhNXfrKeRsvDhZ_QQ
二宮町, https://www.youtube.com/channel/UCflEBBtZsXWx9aH90TRcceQ
中井町, https://www.youtube.com/user/NakaiTown
山北町, https://www.youtube.com/channel/UCFeJ2eHKOnc-pmg9R-uVo_g
愛川町, https://www.youtube.com/channel/UC0PXLax1t68vCASFi6lrMdA
清川村, https://www.youtube.com/channel/UCrm0iQLIYxKfQqHKxxlmiCg
新潟県, https://www.youtube.com/channel/UCteaSVEDeoBHKl0wlQa7DZQ
新潟市, https://www.youtube.com/user/niigatacitychannel
長岡市, https://www.youtube.com/user/nagaokacity
柏崎市, https://www.youtube.com/user/citykashiwazaki
小千谷市, https://www.youtube.com/channel/UC2cBZ8v2gEIV_FpXXJaV09A
加茂市, https://www.youtube.com/channel/UCNzoPL5uwtTbqlVu8weuGUQ
十日町市, https://www.youtube.com/user/TokamachiCity
見附市, https://www.youtube.com/channel/UCX0ydubbrxg0ZvxK7DjJLAA
村上市, https://www.youtube.com/channel/UCT7wjc_iiwb6EUQnub1m3fw
燕市, https://www.youtube.com/channel/UCV1Z2917xFAwPXEoJQJr8NA
糸魚川市, https://www.youtube.com/user/ITOIGAWAbroadcast
妙高市, https://www.youtube.com/channel/UChmr1z6xOC7PFaJesJMLkUA
五泉市, https://www.youtube.com/channel/UCTcrggk79w_fdZlEO4Z7Oqw
上越市, https://www.youtube.com/channel/UCqp0KUtWyRlwtxttvLM2A1A
阿賀野市, https://www.youtube.com/channel/UCgwctr5iUTjpl9V_lfDaF4Q
佐渡市, https://www.youtube.com/user/SadoCityOffice
魚沼市, https://www.youtube.com/channel/UC_x_wX1eEmLxbvCHAcSvVuQ
胎内市, https://www.youtube.com/channel/UCPpdYKewkQfKuG-KdlSTySw
出雲崎町, https://www.youtube.com/user/izumozakitown
湯沢町, https://www.youtube.com/channel/UC6BPi4day37AY99Op553zvA
津南町, https://www.youtube.com/user/TsunanTown
富山県, https://www.youtube.com/user/PrefToyama
富山市, https://www.youtube.com/channel/UCYs3r0JqG-rgIpvL3H12snA
高岡市, https://www.youtube.com/user/takaokacitymanyou
魚津市, https://www.youtube.com/channel/UCn4MtFOTxE-P-8paZ910etA
氷見市, https://www.youtube.com/channel/UC_VsakMjKhdEJowMyad0eKg
滑川市, https://www.youtube.com/channel/UCd_A6y03cKQGlyI2cVfWX0A
砺波市, https://www.youtube.com/user/tonamiytb
射水市, https://www.youtube.com/user/kouhouimizucity
上市町, https://www.youtube.com/channel/UC66ufPGpZzg01x_wx8V1HLw
立山町, https://www.youtube.com/user/towntateyama
石川県, https://www.youtube.com/channel/UCH8nNfcRRKJV76TCT6SOqmg
金沢市, https://www.youtube.com/user/CityofKanazawa
小松市, https://www.youtube.com/user/komatsukoho
加賀市, https://www.youtube.com/channel/UC9q2toYtkI9c3XBRk4yElPw
かほく市, https://www.youtube.com/channel/UCb36JUpTwzy1T_LV6I3B-Tg
白山市, https://www.youtube.com/channel/UCKLcX3okqW9fbCOsyz3zOdg
能美市, https://www.youtube.com/channel/UCkojYoXZVNbbvC5tRErm1yA
野々市市, https://www.youtube.com/user/nonoichicitych
津幡町, https://www.youtube.com/user/TsubataTown
内灘町, https://www.youtube.com/channel/UCwnMD-zuuSQYIEL9ooMkRkA
宝達志水町, https://www.youtube.com/channel/UC76drgscKFkHUx8I-HwCr5Q
福井県, https://www.youtube.com/channel/UCWlL1QEUajjZCwUhHNDkMQQ
福井市, https://www.youtube.com/channel/UCeBEsP6O4WanZFl-c8eRo-A
敦賀市, https://www.youtube.com/channel/UCyhjZEPfdJpMNQPmdNUyPng
小浜市, https://www.youtube.com/channel/UCJ431loywR0klbIbPOLl1TQ
勝山市, https://www.youtube.com/user/ktkouhou
鯖江市, https://www.youtube.com/user/sabaecity
あわら市, https://www.youtube.com/channel/UCRAFuvVcUVjxFb_ASjzltPg
坂井市, https://www.youtube.com/channel/UCxL-q5KJsOfe1NLvBxRvYMg
越前町, https://www.youtube.com/channel/UC81kYoq_Uxwo4mx6l-qDNMQ
山梨県, https://www.youtube.com/user/yamanashipref
甲府市, https://www.youtube.com/user/KofuCityOffice
富士吉田市, https://www.youtube.com/channel/UCdjDxU7COS1i2sNq-HrPDGQ
都留市, https://www.youtube.com/channel/UCjS93HFCiPKBS7Hp73c6VYg
大月市, https://www.youtube.com/channel/UC7BPjLgLUXUcYG8OH3zlaAQ
南アルプス市, https://www.youtube.com/channel/UCMaXJRqvWGOeRSJ2oUUixxQ
長野県, https://www.youtube.com/channel/UC5WVBhAtSLEHNZaOM8sGtSw
長野市, https://www.youtube.com/channel/UC5WVBhAtSLEHNZaOM8sGtSw
松本市, https://www.youtube.com/channel/UCUYwqlUZcN1gFNz-KQtwV1g
上田市, https://www.youtube.com/user/cityuedakoho
岡谷市, https://www.youtube.com/user/OKAYACITY
諏訪市, https://www.youtube.com/channel/UCFPHsl3dglA16jKQiLhxkiA
小諸市, https://www.youtube.com/user/komorocity
伊那市, https://www.youtube.com/channel/UCOdz94ghhngytpKvjm16w4Q
塩尻市, https://www.youtube.com/user/SHIOJIRICITY
佐久市, https://www.youtube.com/channel/UCN4oQUBnuK1wMd6zf_L2W-w
千曲市, https://www.youtube.com/c/ChikumaCityPromotion
佐久穂町, https://www.youtube.com/channel/UCHhNWvrXOJVGZ56kel9wE1g
軽井沢町, https://www.youtube.com/channel/UCwWWMxoGXIVX_LZUn11bneQ
御代田町, https://www.youtube.com/channel/UCxMLSSP4cYPu0ww6A-dItKQ
立科町, https://www.youtube.com/channel/UC-HESrAUza7ioLJED1P2Y4A
中川村, https://www.youtube.com/user/NakagawaVill
松川町, https://www.youtube.com/user/MatsukawaTown
高森町, https://www.youtube.com/user/tkcanoe
下條村, https://www.youtube.com/channel/UCZdKTR6qhq6c9leiPlTRfUw
天龍村, https://www.youtube.com/channel/UCqDDKeLAB17zMbLhvOWSEqg
喬木村, https://www.youtube.com/channel/UCfzzJm5He7IfiL760u6jRCg
豊丘村, https://www.youtube.com/user/ToyookaVillage
松川村, https://www.youtube.com/channel/UCmGu0_ky1eZihCULw7-YNOQ
岐阜県, https://www.youtube.com/channel/UCTeVwAHR9nwk10ZwCJQof0w/
岐阜市, https://www.youtube.com/user/gifucitychannel
高山市, https://www.youtube.com/channel/UCFDo1G5FCaLy1hG4Kh7-aEw
多治見市, https://www.youtube.com/channel/UCbhfOrBIb55el3fsLccOAaQ
関市, https://www.youtube.com/channel/UCDxaOKyV6MSqKj2VcMLDOxg
中津川市, https://www.youtube.com/user/Nakatsugawacity/featured
羽島市, https://www.youtube.com/user/prhashimacity
恵那市, https://www.youtube.com/channel/UCM2uNeHUYqHPSCj_bdFN37w
美濃加茂市, https://www.youtube.com/user/minokamocity
土岐市, https://www.youtube.com/user/TokiCityOffice
各務原市, https://www.youtube.com/user/kakamigaharakoho
可児市, https://www.youtube.com/user/kanicitygifu
瑞穂市, https://www.youtube.com/channel/UCtUSC6Jv0B2EggMSezmgHNA
飛騨市, https://www.youtube.com/channel/UCFVVJ8_mrWvn8HyMYTWTOKg
本巣市, https://www.youtube.com/c/motosucity
海津市, https://www.youtube.com/channel/UCR073-4fu7Iz-U1kegn5PdQ
神戸町, https://www.youtube.com/channel/UCtPTPE8monbqBTa5PPPVj1A
池田町, https://www.youtube.com/channel/UCTA_rbottUiGkt4fyRHxJzw
北方町, https://www.youtube.com/channel/UC9-EJep3AIW9XPu362CL_Cg
富加町, https://www.youtube.com/channel/UCqEllkhi4w6HZu1KdupUHTw/
八百津町, https://www.youtube.com/user/TownYaotsu
静岡県, https://www.youtube.com/channel/UCfLiXKHJ3EdMBDUeLjzmAvA
静岡市, https://www.youtube.com/user/shizuokacitykoho
浜松市, https://www.youtube.com/user/HamamatsuChannel
沼津市, https://www.youtube.com/user/numazucity
熱海市, https://www.youtube.com/user/npoamic
三島市, https://www.youtube.com/user/mishimacity
富士宮市, https://www.youtube.com/user/FujinomiyaCity
伊東市, https://www.youtube.com/channel/UCsk34eafnJkD1dxPZOjeYxA
島田市, https://www.youtube.com/channel/UCFIMf71og7Yx3mvZZjmBMCQ
富士市, https://www.youtube.com/user/ShizuokaFujiCity
磐田市, https://www.youtube.com/user/IwataTV
焼津市, https://www.youtube.com/channel/UC5qMFNG1VbiagNMuqUcBAWQ
掛川市, https://www.youtube.com/user/KakegawaDougaChannel
藤枝市, https://www.youtube.com/user/fujiedaCity
御殿場市, https://www.youtube.com/user/gotembakoho
袋井市, https://www.youtube.com/user/FukuroiCityOffice
裾野市, https://www.youtube.com/user/SusonoCityPR
湖西市, https://www.youtube.com/channel/UCyjv6jNPLJG0bndUwbdsuXA
伊豆市, https://www.youtube.com/channel/UCQQj6HLzM6A2DTAw8Dg-vfg
御前崎市, https://www.youtube.com/channel/UCmeXEX2HgM_J3utcploiZXQ
菊川市, https://www.youtube.com/channel/UC3rGpPoMaiXfrm7RZb2QhZw
伊豆の国市, https://www.youtube.com/channel/UC7AGRtDiomRRPRTJainNUIg
牧之原市, https://www.youtube.com/channel/UC-cBZ5CzEuIUc81wly-HA2g
東伊豆町, https://www.youtube.com/user/higashiizu
河津町, https://www.youtube.com/channel/UCQo2yfxqjC_A0XeG0KqKytA
南伊豆町, https://www.youtube.com/channel/UCIpSiswdl8astrdf1cuyfmA
函南町, https://www.youtube.com/channel/UC8lG9exTyEls_U3A3xdvxug
清水町, https://www.youtube.com/user/ShimizuTown
長泉町, https://www.youtube.com/channel/UCcgBqSZdt8m4dtT8arUbICg
小山町, https://www.youtube.com/user/ShizuokaOyamaTown
吉田町, https://www.youtube.com/channel/UCsHWdqeoFuefj4Hb13mMiWA
川根本町, https://www.youtube.com/channel/UCElsZVyhDNuiXMZg6IIXxIw
森町, https://www.youtube.com/channel/UCk4ohKDKjKmKqM0BKJWeoKw
愛知県, https://www.youtube.com/user/aichikoho
名古屋市, https://www.youtube.com/user/maruhachitube
豊橋市, https://www.youtube.com/user/toyohashi10484
岡崎市, https://www.youtube.com/user/okazakicityhall
一宮市, https://www.youtube.com/channel/UC8H4KwaQj6ZJ2qQ-Dp80MpQ
瀬戸市, https://www.youtube.com/channel/UCKcaJOfV_qlBOL7OJCqdAXg
春日井市, https://www.youtube.com/user/KasugaiCity
豊川市, https://www.youtube.com/channel/UCFYX6OoU4g1RI8i14JNApkg
津島市, https://www.youtube.com/playlist?list=PLTeutyqLsucRAedAPla0 ...
碧南市, https://www.youtube.com/channel/UCUdaZv10ucb1hDfKkGFCn_Q
刈谷市, https://www.youtube.com/user/kariyacityhall
豊田市, https://www.youtube.com/user/toyotashikouhou
安城市, https://www.youtube.com/user/CityOfAnjo
蒲郡市, https://www.youtube.com/channel/UCQEswxxtcqtBKoghj9xW-8g
犬山市, https://www.youtube.com/channel/UC6gUsi_VuGDYvprIN6jLtAw
江南市, https://www.youtube.com/user/konankoho
小牧市, https://www.youtube.com/user/komakicity
稲沢市, https://www.youtube.com/channel/UCsWIi51uuJCByojfsT_wh8w
新城市, https://www.youtube.com/channel/UCwnTRGfWw0LY3BoaLA8VCzg
大府市, https://www.youtube.com/user/obucityoffice
知多市, https://www.youtube.com/channel/UC2IcLA0OgFgMOp4v7Z-zmTg
尾張旭市, https://www.youtube.com/channel/UCiz7LHYMOmoCxyYaiFxC8GQ
岩倉市, https://www.youtube.com/user/iwakuracity
日進市, https://www.youtube.com/channel/UCD14uOlECHrphx83FFdoZNw
田原市, https://www.youtube.com/user/kohotahara
愛西市, https://www.youtube.com/channel/UC1q8a2jjRaog33ZphBfUbwg
北名古屋市, https://www.youtube.com/channel/UCwjCCVTlh2mcFo2cHr9h0dw
弥富市, https://www.youtube.com/channel/UC8bMgIjjP6tRwY1BbwCiNeQ
みよし市, https://www.youtube.com/channel/UCkkURKMHflAHF6LLGEFqfjA
あま市, https://www.youtube.com/user/amaaichi
大治町, https://www.youtube.com/channel/UCABB3GzlH-4YIrh99eidKgQ
蟹江町, https://www.youtube.com/channel/UC--ta_CXMQUUz-tKBfBKXuA
飛島村, https://www.youtube.com/channel/UCRqWXHDVb-w91wu1FoOFMWg
東浦町, https://www.youtube.com/channel/UC--ta_CXMQUUz-tKBfBKXuA
武豊町, https://www.youtube.com/channel/UCAn9JayVbV6J-Tm0rWoNCSQ
幸田町, https://www.youtube.com/channel/UC81HRgKKJyDJ2bKUB6TfNgw
豊根村, https://www.youtube.com/user/toyonemura
三重県, https://www.youtube.com/channel/UCfZ_qZQ5CzMlGUxx-VGWcUQ
津市, https://www.youtube.com/user/TSUKOHO
四日市市, https://www.youtube.com/user/yokkaichikouhou
伊勢市, https://www.youtube.com/user/cityise
松阪市, https://www.youtube.com/channel/UCda2ztwdelOSGXbUYryXslg
桑名市, https://www.youtube.com/user/kuwanacitymie
鈴鹿市, https://www.youtube.com/user/CitySuzuka
名張市, https://www.youtube.com/channel/UCdAsSvBV38V5NBFmwQuX3uw
尾鷲市, https://www.youtube.com/channel/UCb6VbCTMppL-2-wExPjyJaA
亀山市, https://www.youtube.com/channel/UC_hmZwtyHpPXkFeGbpW_7rA
鳥羽市, https://www.youtube.com/user/kohotoba
いなべ市, https://www.youtube.com/user/inabecity
志摩市, https://www.youtube.com/user/shimacitych
伊賀市, https://www.youtube.com/channel/UCKf_AaD6W_6fIWb1GAomHQw
東員町, https://www.youtube.com/user/tointownmie
多気町, https://www.youtube.com/channel/UC_BGQGAVXQ18oyiKsdCpqtA
明和町, https://www.youtube.com/channel/UCKAAP7_GSrE9Vf-HC-OS0zw
度会町, https://www.youtube.com/channel/UC5CIFcnFi9PguRy_HOll2fw
滋賀県, https://www.youtube.com/user/shigakoho
大津市, https://www.youtube.com/user/cityotsu
彦根市, https://www.youtube.com/channel/UCOGaNllXbQPJ_mPyioPmVbg
長浜市, https://www.youtube.com/user/kouhounagahama
近江八幡市, https://www.youtube.com/channel/UCgmIt67Nqoxbv-yRa3BmyBg
草津市, https://www.youtube.com/user/kusatsucity
守山市, https://www.youtube.com/channel/UCuzopxKQPEIlaCP9i7wK6Hg
栗東市, https://www.youtube.com/channel/UCsYb4rNmKFL0OMI-F9QCNMw
甲賀市, https://www.youtube.com/user/kokacity
湖南市, https://www.youtube.com/channel/UCVGJZ8zUIMu15Ru4s3mk6hg
高島市, https://www.youtube.com/channel/UCaATI95Ms87eOCZiI1RRD7w
東近江市, https://www.youtube.com/channel/UCP_9_CY_kDHnvhzmE9vomLg
米原市, https://www.youtube.com/channel/UCa6kf7QXM--uh-GcxL1E4aw
豊郷町, https://www.youtube.com/channel/UC5_xM_tEgqqnwuuw-PbvNRw
京都府, https://www.youtube.com/user/kyoto
京都市, https://www.youtube.com/user/CityOfKyoto
福知山市, https://www.youtube.com/channel/UC36VBOJ0Y0KHajbYlkSTbbw
舞鶴市, https://www.youtube.com/channel/UCIf30hO-liUGpf8iyyvffSQ
綾部市, https://www.youtube.com/user/AyabeCity
宇治市, https://www.youtube.com/channel/UCVG-AARERCThqxcSoTb9FBQ
宮津市, https://www.youtube.com/channel/UC0RrERLpv4xDVtiE6WGQygg
亀岡市, https://www.youtube.com/c/%E4%BA%80%E5%B2%A1%E5%B8%82%E5%85 ...
城陽市, https://www.youtube.com/channel/UCfrzA8BZ371C9InICYGolRA
向日市, https://www.youtube.com/channel/UCKAm7COejJnDCNswLrTQe1g
長岡京市, https://www.youtube.com/channel/UCjDD0RBYXdun0zE44aAtsNA
京田辺市, https://www.youtube.com/channel/UCdl9bfRndAPO43kcu3kuzZw
京丹後市, https://www.youtube.com/user/kyotangocity
南丹市, https://www.youtube.com/channel/UCBDNO0ris_q0TPZjqsqn4SQ
木津川市, https://www.youtube.com/user/KizukawaCity
精華町, https://www.youtube.com/c/%E7%B2%BE%E8%8F%AF%E7%94%BA
京丹波町, https://www.youtube.com/channel/UCFIjAT1P_4_H_X3WckwUl5w
大阪府, https://www.youtube.com/user/osakapref
大阪市, https://www.youtube.com/channel/UCsHl_FFIesbGwIGEIOk-gVQ
堺市, https://www.youtube.com/user/sakaivideochannel
岸和田市, https://www.youtube.com/user/KishiwadaCity
豊中市, https://www.youtube.com/user/kouhoutoyonaka
池田市, https://www.youtube.com/user/jyohojyohoikeda
吹田市, https://www.youtube.com/user/SuitaCityOffice
泉大津市, https://www.youtube.com/user/izumiotsumovie
高槻市, https://www.youtube.com/user/kouhoutakatsuki
貝塚市, https://www.youtube.com/user/citykaizuka
守口市, https://www.youtube.com/channel/UCdeDqqV0NYVRZljT6Az_rLQ
枚方市, https://www.youtube.com/user/hirakatacity
茨木市, https://www.youtube.com/channel/UCaPIMDS6nj_kM51AbTd4wqQ
八尾市, https://www.youtube.com/channel/UCMcKzsbZk8v1ADfi-AoWASg
泉佐野市, https://www.youtube.com/channel/UC0pHGLbcB5bUhMJAicDH1Tw
富田林市, https://www.youtube.com/user/tondabayashicity
寝屋川市, https://www.youtube.com/user/neyagawacityoffice
河内長野市, https://www.youtube.com/channel/UC2V-P3qfNnPJCDtPyOE-yfg
松原市, https://www.youtube.com/channel/UCsbnC8Fj-NwohM7mFJfJXJA
大東市, https://www.youtube.com/channel/UCDL1KoUxlzWU-r0E3nUwMZA
和泉市, https://www.youtube.com/user/osakaIzumicity
箕面市, https://www.youtube.com/user/MinohCityOffice
柏原市, https://www.youtube.com/channel/UC-Snk_erBD7SRo1ApF_YVxg
羽曳野市, https://www.youtube.com/channel/UCTO8VyGXf4Ny5YfHYiZWqVw
門真市, https://www.youtube.com/user/citykadoma
摂津市, https://www.youtube.com/channel/UCMmuBdeqnw2ZQh9zMq0OVXw
高石市, https://www.youtube.com/channel/UC00WYwlo4U5YwNHBt8mwNOA
藤井寺市, https://www.youtube.com/channel/UCcDKvxLRPyElcaEOEfx5UZw
東大阪市, https://www.youtube.com/channel/UC4RZUSOpDP_JLaqDFbW4w6w
四條畷市, https://www.youtube.com/user/shijonawate575
交野市, https://www.youtube.com/channel/UC65UO-AKFDtKRudf1eaFrGA
大阪狭山市, https://www.youtube.com/channel/UCQnry46Q17mAvmQd46Gwqhg
阪南市, https://www.youtube.com/user/hannancity
島本町, https://www.youtube.com/channel/UC-Sl8z8-E1Ccj_p20mE3Bnw
豊能町, https://www.youtube.com/channel/UCdpjQ_sRZB9wJxRXZFaEVtQ
熊取町, https://www.youtube.com/channel/UC4DDWoC3pv5JhPkEk7CbvFw
兵庫県, https://www.youtube.com/user/hyogoch
神戸市, https://www.youtube.com/user/kobecitychannel
姫路市, https://www.youtube.com/user/himejicitych
尼崎市, https://www.youtube.com/channel/UCk5W9exlZOLMCbpVYwbPpdw
明石市, https://www.youtube.com/channel/UCnGUezhT4YzycXMaV-UaXqA
西宮市, https://www.youtube.com/user/nishinomiyashiITV
芦屋市, https://www.youtube.com/channel/UCz0OH7vb8OqZ_2IMcLgnZRw
伊丹市, https://www.youtube.com/user/ItamiCityPR
相生市, https://www.youtube.com/user/kosumosumovie
豊岡市, https://www.youtube.com/user/ToyookaCityOffice
加古川市, https://www.youtube.com/channel/UCn1LybAOqbwFD6D2kBg6Bcw
赤穂市, https://www.youtube.com/channel/UCZOShc_sib2_s0oXkhmuaGA
西脇市, https://www.youtube.com/c/nishiwakicity
宝塚市, https://www.youtube.com/channel/UCw1ysM0snW9IVvZvJ2Nrjyg
三木市, https://www.youtube.com/channel/UCOuUcUy4iBo27x1w4g5wP4w
高砂市, https://www.youtube.com/channel/UCDq9LOSC0WUuA3JjDBMUqHQ
川西市, https://www.youtube.com/channel/UChu5SuHrzLRy9tiVSapSCVw
小野市, https://www.youtube.com/channel/UCDpzNhGkCLTht8lajOB6rDg
三田市, https://www.youtube.com/user/sandacity
加西市, https://www.youtube.com/user/kasaicitychannel
丹波篠山市, https://www.youtube.com/user/sasayamaAVL
養父市, https://www.youtube.com/user/yabufureainet
丹波市, https://www.youtube.com/user/yabufureainet
南あわじ市, https://www.youtube.com/channel/UCLTSZDsvPw0MfLMouzzf9og
淡路市, https://www.youtube.com/user/awajicity
宍粟市, https://www.youtube.com/channel/UCmdQfRr6CdXZnD6En2g4PnA
たつの市, https://www.youtube.com/user/TatsunoCityKouhou
猪名川町, https://www.youtube.com/user/inagawatown
多可町, https://www.youtube.com/user/takachojp/videos
稲美町, https://www.youtube.com/channel/UCsElcvNP6UX376_Ic5BZCTw
播磨町, https://www.youtube.com/channel/UCpyVdeJU5WFbQVn4ZNxLWPw
市川町, https://www.youtube.com/channel/UCOmIQwKgNpmK-4opKSrRN9w
神河町, https://www.youtube.com/channel/UCyz1ekPIh5QmZilm4U0oQeg
太子町, https://www.youtube.com/channel/UCqKxTlmikg-in4lA4HpDORQ
上郡町, https://www.youtube.com/user/enshinnet
佐用町, https://www.youtube.com/channel/UCVLcj4YNewlXEGuiNhBOXGw
新温泉町, https://www.youtube.com/user/shinonsen
奈良県, https://www.youtube.com/user/naraprefkoho
奈良市, https://www.youtube.com/channel/UCfnrKQ36OUr8WP-10Vvx3vw
大和郡山市, https://www.youtube.com/channel/UCmKf9eG5VDWv3XMEMvRqwWQ
天理市, https://www.youtube.com/channel/UCix-uqTVFx10S1btvYjOMqA
橿原市, https://www.youtube.com/user/kashiharacityoffice
五條市, https://www.youtube.com/channel/UCRTsz1hxs5puu3bEoOvFXjA
御所市, https://www.youtube.com/channel/UCK-DfZHcH4XsOmCe5Astj6w
生駒市, https://www.youtube.com/channel/UCOz56Zg5ihy6Jw1PWd0IAHw
宇陀市, https://www.youtube.com/user/medianetuda
川西町, https://www.youtube.com/channel/UC8enD9Eo_0fkCixEzQ6r8ng
上牧町, https://www.youtube.com/channel/UCmceci_TYiqo5JWUm4guwww
大淀町, https://www.youtube.com/channel/UCuznoA4V6Dr9kIob1GaKcWA
十津川村, https://www.youtube.com/channel/UC2sJAtK33mOChD10AfkCxXA
和歌山県, https://www.youtube.com/user/PrefWakayama
和歌山市, https://www.youtube.com/user/wakayamacitychannel
橋本市, https://www.youtube.com/channel/UCAB1N4jDY7E6Z_NdT0UXh_w
岩出市, https://www.youtube.com/channel/UCNnfw1MX7NlIMmw8yP8IPkA
紀美野町, https://www.youtube.com/channel/UCNPwJZSbK1ql4QHm5j7V3ag
かつらぎ町, https://www.youtube.com/channel/UCaXX5mHzr7z8Gjc41Ju9Aog
広川町, https://www.youtube.com/channel/UCobMpNUSmD4k9j0Nmr9N_Yg
有田川町, https://www.youtube.com/channel/UCFIdI-Z0Tkg3BdAEH39yYUA
みなべ町, https://www.youtube.com/channel/UCcTk_LhW2IXbYoh4DWSIWqQ
鳥取県, https://www.youtube.com/user/tottoripref
鳥取市, https://www.youtube.com/channel/UC1Izmp7cckk5cttc6hs8Mvw
米子市, https://www.youtube.com/channel/UCCZAK1Kyk5-LW_RZ0tHL56g
倉吉市, https://www.youtube.com/channel/UCdn8f4AgZE1_eRlShGuhN6g
岩美町, https://www.youtube.com/user/iwamitown
智頭町, https://www.youtube.com/channel/UCBoItJ7OtJhA9Icp8uBJoOg
琴浦町, https://www.youtube.com/channel/UCAojbJB71T45-X70nlD9SeQ
北栄町, https://www.youtube.com/channel/UCdXGBu9NxCpz6YPQ2Rx-Hgg
大山町, https://www.youtube.com/channel/UCVAXcKNu7Ue8taQwMJ_04oA
江府町, https://www.youtube.com/user/townkofu
島根県, https://www.youtube.com/user/shimanepref
松江市, https://www.youtube.com/channel/UCVinvvSg90xA2H4DSRKe4Eg
浜田市, https://www.youtube.com/user/CityHamada
出雲市, https://www.youtube.com/user/cityizumo
益田市, https://www.youtube.com/channel/UC2WmT3TemuQr3QED6Kk14rA
大田市, https://www.youtube.com/channel/UCuHVN1PTfzYgIACmpU-o9dA
安来市, https://www.youtube.com/channel/UCnqTI3aP6Jhdz7kcqBMMsQg
江津市, https://www.youtube.com/channel/UC40QXJDYmXl8WCGEVuDwqTw
雲南市, https://www.youtube.com/user/unnanshimane
川本町, https://www.youtube.com/channel/UCoN6PkjqYx1vTNIe2d9x1Rw
美郷町, https://www.youtube.com/c/shimanemisato
津和野町, https://www.youtube.com/channel/UCEDGTagDVoqILQ6ejBZ_UXA
西ノ島町, https://www.youtube.com/user/okinishinoshima
岡山県, https://www.youtube.com/user/okayamapref
岡山市, https://www.youtube.com/channel/UCdJeIpUefrm42zfR8c59QpQ
倉敷市, https://www.youtube.com/user/KurashikiCItyPR
津山市, https://www.youtube.com/channel/UCKOYj-Sqnfua9KM31AFtrgA
玉野市, https://www.youtube.com/user/tamanocity/
笠岡市, https://www.youtube.com/user/kasaokach
総社市, https://www.youtube.com/user/citysoja
高梁市, https://www.youtube.com/channel/UCFsTJj3vCAYboMrHL1Y25yw
新見市, https://www.youtube.com/channel/UCApA1W9sKh0ZOks9qZyQDyA
瀬戸内市, https://www.youtube.com/channel/UCij3fmoTcZwPR6JBI0cz3nA
赤磐市, https://www.youtube.com/channel/UCxvxRQj7KWv21oo3Z9KhftA
真庭市, https://www.youtube.com/channel/UC3OxpyGSvMS4l1y_EXqvWRQ
浅口市, https://www.youtube.com/channel/UC4iu3tf6-TMx9EoCzrn96ww
和気町, https://www.youtube.com/user/wake333468
早島町, https://www.youtube.com/user/TOWNHAYASHIMA
矢掛町, https://www.youtube.com/channel/UCAQ9077BBI0K5eXRztLRLKw
新庄村, https://www.youtube.com/channel/UC5oQD4u_Wg3mCZXOgy7DNng
鏡野町, https://www.youtube.com/channel/UC7vvKJG7G4z7-ztOcDL1-qw
奈義町, https://www.youtube.com/channel/UCsLqFOSZtmLeBtyIAf98V-g
久米南町, https://www.youtube.com/channel/UCNcGhiGmxLvpuDHO4rikDtg
広島県, https://www.youtube.com/user/hiroshimakenkouhou
広島市, https://www.youtube.com/user/ThecityofHiroshima
呉市, https://www.youtube.com/channel/UCNTpPHRLVsrEyv0EtTdDvyg
竹原市, https://www.youtube.com/user/takeharachannel
三原市, https://www.youtube.com/channel/UCBkTEatUHC6N-bDGk-22eIw
尾道市, https://www.youtube.com/channel/UCxp7xKYytLmSQJ3DDE9-zAA
福山市, https://www.youtube.com/user/cityfukuyama
三次市, https://www.youtube.com/user/miyoshicity3444/
東広島市, https://www.youtube.com/user/cityhigashihiroshima
廿日市市, https://www.youtube.com/channel/UCOJ3oHnjvPjdWIuFuR0dFVA
安芸高田市, https://www.youtube.com/channel/UCWTp3yoBdAuP3ECOsbxOQIg
府中町, https://www.youtube.com/user/fuchufuchufuchu
熊野町, https://www.youtube.com/channel/UCScveIqFbRbrO3vXoQpwMwA
坂町, https://www.youtube.com/channel/UCq4vuroDlrV6mgcF07zaMgQ
安芸太田町, https://www.youtube.com/channel/UC0EwpXbH_QIa8kxw__aLDCA
山口県, https://www.youtube.com/user/PrefYamaguchiKouhou
下関市, https://www.youtube.com/channel/UCLMfvXy571ycNA4ZUfIJpYA
宇部市, https://www.youtube.com/user/UbeCityOffice
山口市, https://www.youtube.com/channel/UCg66ekugYGHwHsiIDfNDPYA
萩市, https://www.youtube.com/channel/UC4WsbVY7NpvbTO7YeN0pGHg
防府市, https://www.youtube.com/channel/UChhLakB941Ar1_ZB9Grvpew
下松市, https://www.youtube.com/channel/UCFDzlEVWOnBUT8b4gyjaD2Q
岩国市, https://www.youtube.com/channel/UCZ88GG-Y9B3A3blEimGkmow
光市, https://www.youtube.com/channel/UCn43AO_dSJszPhO1R4OPg0w
長門市, https://www.youtube.com/user/kohonagato
美祢市, https://www.youtube.com/channel/UC6yz0rhSu_xDnMOCpZegFrw
周南市, https://www.youtube.com/user/shunanmovie
山陽小野田市, https://www.youtube.com/channel/UC4bvT2EarJo8AQlkXEiyFYg
周防大島町, https://www.youtube.com/channel/UCSXn_-hMC_0fnYhS33v2j-A
徳島県, https://www.youtube.com/user/tokushimakouhou
徳島市, https://www.youtube.com/channel/UC0nB1hQYNjZgC8UpyYlA7QA
鳴門市, https://www.youtube.com/user/narutokouhou
小松島市, https://www.youtube.com/channel/UCeyHZVqrjs5IxeJ8RmxyZHQ
阿南市, https://www.youtube.com/channel/UC_KfclxxidlMlPKLMR-XinQ
美馬市, https://www.youtube.com/channel/UCZKqFINg2WGFTSBBKHH5fqg
石井町, https://www.youtube.com/channel/UCyeI2d606u4ltWg6XaIv8fw
神山町, https://www.youtube.com/channel/UC9gLFmNfmgepySFt6HNoFFw
香川県, https://www.youtube.com/user/PrefKagawa
高松市, https://www.youtube.com/user/TakamatsuMovie
丸亀市, https://www.youtube.com/channel/UCwYgtfpHJcEerfqNp7-XiNQ
坂出市, https://www.youtube.com/user/sakaidech
善通寺市, https://www.youtube.com/channel/UCbIKofC9zueOD2DqVp_iylg
観音寺市, https://www.youtube.com/channel/UCpiXmINkZ9_fHzHOhLPa28w
東かがわ市, https://www.youtube.com/channel/UCEx61P7Tf1AWASyBro87SPA
三豊市, https://www.youtube.com/channel/UC82pKhKo7-nVy_yVDS3BJNQ
小豆島町, https://www.youtube.com/channel/UC1eRnZ5bt8nvrM8GliiS7bA
宇多津町, https://www.youtube.com/user/utazutyo
琴平町, https://www.youtube.com/channel/UCZXQdj-oltsS5XpPaCe5Vgw
多度津町, https://www.youtube.com/channel/UCsNZErhYH9GNgGD3CF6xEaA
まんのう町, https://www.youtube.com/channel/UC_zucqprtUEnSmK8_sp8OAA
愛媛県, https://www.youtube.com/user/EhimePref
松山市, https://www.youtube.com/user/citymatsuyama
今治市, https://www.youtube.com/channel/UCA03Pb-mUuS00aeGWiw5ZKw
宇和島市, https://www.youtube.com/channel/UCjghhgX5keDKlZNlU9KOMjg
八幡浜市, https://www.youtube.com/channel/UCavlT0ICUqHulNOpbJN-FeA
新居浜市, https://www.youtube.com/user/teamniihama
西条市, https://www.youtube.com/channel/UCzMhRCT79Owf0EcUJmr5JhQ
大洲市, https://www.youtube.com/channel/UCo7mc9EWqB1HiH8A6xPnN7A
伊予市, https://www.youtube.com/user/matidukuriiyocity
四国中央市, https://www.youtube.com/channel/UCkF1npL1HGvsTwokrX4Uvhw
東温市, https://www.youtube.com/channel/UCVpMwDs4KO5Z_4e9N5_GbRg
松前町, https://www.youtube.com/channel/UCjTHadW_TFvYrW0eSXKpiZg
砥部町, https://www.youtube.com/user/town791tobe
高知県, https://www.youtube.com/user/KochiPref
高知市, https://www.youtube.com/user/kochicitychannel
土佐市, https://www.youtube.com/channel/UCMMWV7y6GR4q5FV664xKgAw
宿毛市, https://www.youtube.com/channel/UCmf5Sbg2ywCmbu2hrK1HBWA
四万十市, https://www.youtube.com/channel/UCPo8vGKiZxR4q6U7RvipPsw
芸西村, https://www.youtube.com/channel/UCKpmkhViUeCm2dFk4GbAPCw
大豊町, https://www.youtube.com/user/otoyotown
いの町, https://www.youtube.com/channel/UCdKn-3ob-VA2KbTYMdeKD-Q
仁淀川町, https://www.youtube.com/channel/UCoumWa-OZBnOowNahCRogZg
佐川町, https://www.youtube.com/channel/UC-kHwdnFkcV7JwIklrWGT6w
四万十町, https://www.youtube.com/channel/UCWo_T6wyP-7WRrQ8gjF_uAA
大月町, https://www.youtube.com/channel/UC4YrK2Bm3tOlp6VNvJtHMOg
福岡県, https://www.youtube.com/user/fukuokaitv
北九州市, https://www.youtube.com/user/KitakyuMovieChannel
福岡市, https://www.youtube.com/user/Fukuokachannel
大牟田市, https://www.youtube.com/channel/UCpeaaBYCw1c-nYZtpdZNL2Q
久留米市, https://www.youtube.com/channel/UC1pZ6YREpWrY21IxQoS3LPw
直方市, https://www.youtube.com/user/NogataCity
飯塚市, https://www.youtube.com/user/iizukacityoffice
田川市, https://www.youtube.com/channel/UCEeg8iWyQUk5AH5w-056XoQ
八女市, https://www.youtube.com/channel/UClbaze5s1lFcsP9sPSpAG1w
筑後市, https://www.youtube.com/user/chikugokoich
大川市, https://www.youtube.com/channel/UCkjHP7LkUEbcfS2kqXvdc-Q
中間市, https://www.youtube.com/channel/UCOcrHYILColoQod2tbTmT5A
筑紫野市, https://www.youtube.com/channel/UCy_zXqcswXj7Cpv7vW104rw
大野城市, https://www.youtube.com/user/cityonojo
宗像市, https://www.youtube.com/channel/UC63FK6xkImS1mstGzQmmlsg
太宰府市, https://www.youtube.com/channel/UCpJflBfxBoIpeKzlUQLNOVA
古賀市, https://www.youtube.com/channel/UCkrTnvj6oeNK_LTBh4j55FQ
福津市, https://www.youtube.com/channel/UCOLsJfjEg8PFUrmKVJiMWAw
朝倉市, https://www.youtube.com/channel/UCx5OomrlOkuHtn1TCK9Zybw
みやま市, https://www.youtube.com/channel/UChkcJvXTTMkvdPsY24DuTcw
那珂川市, https://www.youtube.com/channel/UCAgAh5uzayZwSNl-s_U8_gw
宇美町, https://www.youtube.com/channel/UCXQsDXjnKFhOXajxpkcD1XA
粕屋町, https://www.youtube.com/user/kasuyatown
遠賀町, https://www.youtube.com/channel/UCNGZHLZNn7NIBS8LERL8TnQ
小竹町, https://www.youtube.com/channel/UCr8-i9R2auF81_4tAsqYqnQ
赤村, https://www.youtube.com/channel/UC1TqOhfqiNlFj9pa8jdUvXQ
上毛町, https://www.youtube.com/channel/UCKPG4STWTNWCaH0RINyDv-g
佐賀県, https://www.youtube.com/user/SagaKouhouMovie
佐賀市, https://www.youtube.com/channel/UCY1B2w_RckLXaHQCVzq_Rcg
唐津市, https://www.youtube.com/channel/UCXM49NErdANaL83KUDXhSPA
鳥栖市, https://www.youtube.com/user/tosucityofficial
多久市, https://www.youtube.com/user/sagatakucity
伊万里市, https://www.youtube.com/user/cityimari
武雄市, https://www.youtube.com/channel/UCXc9AUguAb6Y9LYEWlKrKVQ
小城市, https://www.youtube.com/channel/UC86PtPkMlqW_CkThI9eavmw
嬉野市, https://www.youtube.com/channel/UCf-qy6hepWbGX2A5DKlv1nQ
神埼市, https://www.youtube.com/channel/UCWJL4IDhFzBDaTCZhzCy-IA
長崎県, https://www.youtube.com/user/nagasakiyokatv
長崎市, https://www.youtube.com/user/shuukanajisai
https://www.youtube.com/user/prmvlibrary
佐世保市, https://www.youtube.com/user/sasebocitykoho
島原市, https://www.youtube.com/channel/UClwimg_Ox4vEkRzDDs0TWgQ
諫早市, https://www.youtube.com/user/isahayadoga
大村市, https://www.youtube.com/channel/UCKnLSoKy1QYrWffrek3MMsQ
平戸市, https://www.youtube.com/channel/UCDLpSimhtR6TSWgAldrLCvA
五島市, https://www.youtube.com/user/gotomarugotou
東彼杵町, https://www.youtube.com/user/higashisonogi
https://www.youtube.com/user/sonogitv
佐々町, https://www.youtube.com/channel/UCpdSOKEy-Ddr4y1AB2NcFqw
熊本県, https://www.youtube.com/channel/UCWDn4gweBns2A_OErRABX8g
熊本市, https://www.youtube.com/user/citykumamoto
八代市, https://www.youtube.com/channel/UC3CRpngLODklgui6lPEznNQ
人吉市, https://www.youtube.com/channel/UCV7_HAbKIh5yXu_pWyKkdjA
水俣市, https://www.youtube.com/channel/UCUFBRAoss5soTDivBEtHvAQ
玉名市, https://www.youtube.com/channel/UCAxPicbahZctan26pCpqlIA
菊池市, https://www.youtube.com/channel/UCJUs20wF4nqrYvDwcQEPjiQ
合志市, https://www.youtube.com/user/Koshicity
南小国町, https://www.youtube.com/channel/UCIp3pVE_yykwSQTNUjEegxg
高森町, https://www.youtube.com/user/KumamotoTakamoriTown
御船町, https://www.youtube.com/channel/UC0fTnAdoDL498E5cIOJoHIQ
球磨村, https://www.youtube.com/user/villkuma
大分県, https://www.youtube.com/user/onsenkenoita
大分市, https://www.youtube.com/user/oitacitychannel
中津市, https://www.youtube.com/user/NakatsuCity
日田市, https://www.youtube.com/channel/UCa7XR7t1BaDmeiidSzkm1UA
津久見市, https://www.youtube.com/channel/UCmaLIBhng_sJYPtYhMCJfIA
竹田市, https://www.youtube.com/channel/UC0L4TPU4Bv6U5hOfEGGqyfQ
豊後高田市, https://www.youtube.com/user/bungotakadacity
宇佐市, https://www.youtube.com/channel/UC2EM83SYVe-t7CqksGMFY1g
豊後大野市, https://www.youtube.com/channel/UCvcLGUMJ3-cjOJ6jtt_sgNg
日出町, https://www.youtube.com/channel/UCII2E5-wV3J8bwSa8ynAMXA
玖珠町, https://www.youtube.com/channel/UCWMVBcID4v4BUoa8rLv3YqQ
宮崎県, https://www.youtube.com/user/miyazaki
宮崎市, https://www.youtube.com/channel/UCHdlTvE2rj6N6WW5WgwyObA
都城市, https://www.youtube.com/channel/UCoKz5G1fhynLDF22mT_dWaQ
日南市, https://www.youtube.com/user/nichinankouhou
小林市, https://www.youtube.com/channel/UCsWLrLk4sk7xXbAmBL3ONqA
日向市, https://www.youtube.com/user/hyugacityoffice
えびの市, https://www.youtube.com/channel/UC_ZDTlmwWC8yopwQ1eTehjQ
諸塚村, https://www.youtube.com/channel/UCdngvJywysrfbdFJ7b0JRxQ
椎葉村, https://www.youtube.com/channel/UCTG3gpW_n6k6eZkdKu80UCQ
鹿児島県, https://www.youtube.com/user/kagoshimakensei
鹿児島市, https://www.youtube.com/channel/UCO5ySHjv-yykAZdOrQZ6aIQ
鹿屋市, https://www.youtube.com/channel/UC-8pPTVzIa5EDXkLulmHXrw
枕崎市, https://www.youtube.com/channel/UCEUt2JeIFUhglhecR7ySY3Q
阿久根市, https://www.youtube.com/channel/UCk9loBpGx7XTLy8PoIidOQg
薩摩川内市, https://www.youtube.com/channel/UC-TDgKXrb_BVitUYiE1JUzw
日置市, https://www.youtube.com/channel/UCokuRMHh6Lgy9IypeFXwhcQ
曽於市, https://www.youtube.com/channel/UCeTAmJMUZHhlMkIi56k5e1Q
霧島市, https://www.youtube.com/channel/UCrK5uVzSl-_6VFej40LUpAA
いちき串木野市, https://www.youtube.com/channel/UCGEt5u4s3hHuEbQkaQSMKFw
南さつま市, https://www.youtube.com/channel/UCPFV-jiViPFjcDJ_Aa8smhQ
姶良市, https://www.youtube.com/channel/UCOKsQ_0XHK7T1Lu8_4wzMJg
さつま町, https://www.youtube.com/channel/UCEt2kceB6U4Z05dBJnH_ijw
錦江町, https://www.youtube.com/channel/UCK_-R821fdC_IGRzeZUT6ow
南種子町, https://www.youtube.com/user/minamitanetown
瀬戸内町, https://www.youtube.com/channel/UCK1V3nNTWP6G9jfeyhsR1ew
伊仙町, https://www.youtube.com/channel/UC-T2g8TdLeL_qnRhe3xxm4w
沖縄県, https://www.youtube.com/user/okinawaOfficial
那覇市, https://www.youtube.com/channel/UCX4Mnlmi8tHGz_xJYSz4kzw
宜野湾市, https://www.youtube.com/channel/UC4IkgXL4cIBn2r27gJ5AW2w/
石垣市, https://www.youtube.com/channel/UCNoROqLa-f7XReMsQ9qMngQ
浦添市, https://www.youtube.com/channel/UCqaIo1m3oTUuvOQLhh5_N3w
名護市, https://www.youtube.com/channel/UCBNuh3IiO-8zA5rdb2CEKBg
糸満市, https://www.youtube.com/user/itomancityhall
豊見城市, https://www.youtube.com/channel/UC2VKGfQa1t0mzvMik_HRLrg
うるま市, https://www.youtube.com/channel/UC0JmqbjLs3ycxRLNrXNJusg
南城市, https://www.youtube.com/user/nanjocity
金武町, https://www.youtube.com/user/kintown11
南大東村, https://www.youtube.com/channel/UCFOnysqIBwg1Q1RBcwdf7Nw
伊平屋村, https://www.youtube.com/user/iheyaisland
伊是名村, https://www.youtube.com/channel/UC5PhR3xF9SvVDtga0LnoCNw