市町村名,かな,URL,振興局名
愛別町,あいべつちょう,http://www.town.aibetsu.hokkaido.jp/,上川総合振興局
赤井川村,あかいがわむら,https://www.akaigawa.com/,後志総合振興局
赤平市,あかびらし,https://www.city.akabira.hokkaido.jp/,空知総合振興局
旭川市,あさひかわし,https://www.city.asahikawa.hokkaido.jp/,上川総合振興局
芦別市,あしべつし,https://www.city.ashibetsu.hokkaido.jp/,空知総合振興局
足寄町,あしょろちょう,https://www.town.ashoro.hokkaido.jp/,十勝総合振興局
厚岸町,あっけしちょう,https://www.akkeshi-town.jp/,釧路総合振興局
厚沢部町,あっさぶちょう,https://www.town.assabu.lg.jp/,檜山振興局
厚真町,あつまちょう,http://www.town.atsuma.lg.jp/,胆振総合振興局
網走市,あばしりし,https://www.city.abashiri.hokkaido.jp/,オホーツク総合振興局
安平町,あびらちょう,https://www.town.abira.lg.jp/,胆振総合振興局
池田町,いけだちょう,https://www.town.hokkaido-ikeda.lg.jp/,十勝総合振興局
石狩市,いしかりし,http://www.city.ishikari.hokkaido.jp/,石狩振興局
今金町,いまかねちょう,https://www.town.imakane.lg.jp/,檜山振興局
岩内町,いわないちょう,https://www.town.iwanai.hokkaido.jp/,後志総合振興局
岩見沢市,いわみざわし,https://www.city.iwamizawa.hokkaido.jp/,空知総合振興局
歌志内市,うたしないし,https://www.city.utashinai.hokkaido.jp/,空知総合振興局
浦臼町,うらうすちょう,https://www.town.urausu.hokkaido.jp/,空知総合振興局
浦河町,うらかわちょう,https://www.town.urakawa.hokkaido.jp/,日高振興局
浦幌町,うらほろちょう,https://www.urahoro.jp/,十勝総合振興局
雨竜町,うりゅうちょう,https://www.town.uryu.hokkaido.jp/,空知総合振興局
江差町,えさしちょう,https://www.hokkaido-esashi.jp/,檜山振興局
枝幸町,えさしちょう,https://www.esashi.jp/,宗谷総合振興局
恵庭市,えにわし,https://www.city.eniwa.hokkaido.jp/,石狩振興局
江別市,えべつし,https://www.city.ebetsu.hokkaido.jp/,石狩振興局
えりも町,えりもちょう,https://www.town.erimo.lg.jp/,日高振興局
遠軽町,えんがるちょう,https://engaru.jp/,オホーツク総合振興局
遠別町,えんべつちょう,http://www.town.embetsu.hokkaido.jp/,留萌振興局
雄武町,おうむちょう,http://www.town.oumu.hokkaido.jp/,オホーツク総合振興局
大空町,おおぞらちょう,http://www.town.ozora.hokkaido.jp/,オホーツク総合振興局
奥尻町,おくしりちょう,https://www.town.okushiri.lg.jp/,檜山振興局
置戸町,おけとちょう,http://www.town.oketo.hokkaido.jp/,オホーツク総合振興局
興部町,おこっぺちょう,https://www.town.okoppe.lg.jp/,オホーツク総合振興局
長万部町,おしゃまんべちょう,http://www.town.oshamambe.lg.jp/,渡島総合振興局
小樽市,おたるし,https://www.city.otaru.lg.jp/,後志総合振興局
音威子府村,おといねっぷむら,https://www.vill.otoineppu.hokkaido.jp/,上川総合振興局
音更町,おとふけちょう,https://www.town.otofuke.hokkaido.jp/,十勝総合振興局
乙部町,おとべちょう,https://www.town.otobe.lg.jp/,檜山振興局
帯広市,おびひろし,https://www.city.obihiro.hokkaido.jp/,十勝総合振興局
小平町,おびらちょう,https://www.town.obira.hokkaido.jp/,留萌振興局
上川町,かみかわちょう,https://www.town.hokkaido-kamikawa.lg.jp/,上川総合振興局
上士幌町,かみしほろちょう,https://www.kamishihoro.jp/,十勝総合振興局
上砂川町,かみすながわちょう,http://town.kamisunagawa.hokkaido.jp/,空知総合振興局
上ノ国町,かみのくにちょう,http://www.town.kaminokuni.lg.jp/,檜山振興局
上富良野町,かみふらのちょう,https://www.town.kamifurano.hokkaido.jp/,上川総合振興局
神恵内村,かもえないむら,https://www.vill.kamoenai.hokkaido.jp/,後志総合振興局
木古内町,きこないちょう,https://www.town.kikonai.hokkaido.jp/,渡島総合振興局
北広島市,きたひろしまし,https://www.city.kitahiroshima.hokkaido.jp/,石狩振興局
北見市,きたみし,https://www.city.kitami.lg.jp/,オホーツク総合振興局
喜茂別町,きもべつちょう,http://www.town.kimobetsu.hokkaido.jp/,後志総合振興局
京極町,きょうごくちょう,http://www.town-kyogoku.jp/,後志総合振興局
共和町,きょうわちょう,https://www.town.kyowa.hokkaido.jp/,後志総合振興局
清里町,きよさとちょう,https://www.town.kiyosato.hokkaido.jp/,オホーツク総合振興局
釧路市,くしろし,https://www.city.kushiro.lg.jp/,釧路総合振興局
釧路町,くしろちょう,http://www.town.kushiro.lg.jp/,釧路総合振興局
倶知安町,くっちゃんちょう,https://www.town.kutchan.hokkaido.jp/,後志総合振興局
栗山町,くりやまちょう,http://town.kuriyama.hokkaido.jp/,空知総合振興局
黒松内町,くろまつないちょう,http://www.kuromatsunai.com/,後志総合振興局
訓子府町,くんねっぷちょう,https://www.town.kunneppu.hokkaido.jp/,オホーツク総合振興局
剣淵町,けんぶちちょう,https://www.town.kembuchi.hokkaido.jp/,上川総合振興局
小清水町,こしみずちょう,https://www.town.koshimizu.hokkaido.jp/,オホーツク総合振興局
札幌市,さっぽろし,https://www.city.sapporo.jp/,石狩振興局
更別村,さらべつむら,https://www.sarabetsu.jp/,十勝総合振興局
様似町,さまにちょう,http://www.samani.jp/,日高振興局
猿払村,さるふつむら,https://www.vill.sarufutsu.hokkaido.jp/,宗谷総合振興局
佐呂間町,さろまちょう,https://www.town.saroma.hokkaido.jp/,オホーツク総合振興局
鹿追町,しかおいちょう,https://www.town.shikaoi.lg.jp/,十勝総合振興局
鹿部町,しかべちょう,http://www.town.shikabe.lg.jp/,渡島総合振興局
標茶町,しべちゃちょう,http://www.town.shibecha.hokkaido.jp/,釧路総合振興局
士別市,しべつし,https://www.city.shibetsu.lg.jp/,上川総合振興局
標津町,しべつちょう,https://www.shibetsutown.jp/,根室振興局
士幌町,しほろちょう,https://www.shihoro.jp/,十勝総合振興局
島牧村,しままきむら,https://www.vill.shimamaki.lg.jp/,後志総合振興局
清水町,しみずちょう,http://www.town.shimizu.hokkaido.jp/,十勝総合振興局
占冠村,しむかっぷむら,http://www.vill.shimukappu.lg.jp/,上川総合振興局
下川町,しもかわちょう,https://www.town.shimokawa.hokkaido.jp/,上川総合振興局
積丹町,しゃこたんちょう,http://www.town.shakotan.hokkaido.jp/,後志総合振興局
斜里町,しゃりちょう,https://www.town.shari.hokkaido.jp/,オホーツク総合振興局
初山別村,しょさんべつむら,http://www.vill.shosanbetsu.lg.jp/,留萌振興局
白老町,しらおいちょう,http://www.town.shiraoi.hokkaido.jp/,胆振総合振興局
白糠町,しらぬかちょう,https://www.town.shiranuka.lg.jp/,釧路総合振興局
知内町,しりうちちょう,https://www.town.shiriuchi.hokkaido.jp/,渡島総合振興局
新篠津村,しんしのつむら,https://www.vill.shinshinotsu.hokkaido.jp/,石狩振興局
新得町,しんとくちょう,https://www.shintoku-town.jp/,十勝総合振興局
新十津川町,しんとつかわちょう,https://www.town.shintotsukawa.lg.jp/,空知総合振興局
新ひだか町,しんひだかちょう,https://www.shinhidaka-hokkaido.jp/,日高振興局
寿都町,すっつちょう,http://www.town.suttu.lg.jp/,後志総合振興局
砂川市,すながわし,https://www.city.sunagawa.hokkaido.jp/,空知総合振興局
せたな町,せたなちょう,https://www.town.setana.lg.jp/,檜山振興局
壮瞥町,そうべつちょう,https://www.town.sobetsu.lg.jp/,胆振総合振興局
大樹町,たいきちょう,https://www.town.taiki.hokkaido.jp/,十勝総合振興局
鷹栖町,たかすちょう,https://www.town.takasu.hokkaido.jp/,上川総合振興局
滝川市,たきかわし,https://www.city.takikawa.hokkaido.jp/,空知総合振興局
滝上町,たきのうえちょう,https://town.takinoue.hokkaido.jp/,オホーツク総合振興局
伊達市,だてし,https://www.city.date.hokkaido.jp/,胆振総合振興局
秩父別町,ちっぷべつちょう,https://www.town.chippubetsu.hokkaido.jp/,空知総合振興局
千歳市,ちとせし,https://www.city.chitose.lg.jp/,石狩振興局
月形町,つきがたちょう,https://www.town.tsukigata.hokkaido.jp/,空知総合振興局
津別町,つべつちょう,https://www.town.tsubetsu.hokkaido.jp/,オホーツク総合振興局
鶴居村,つるいむら,https://www.vill.tsurui.lg.jp/,釧路総合振興局
天塩町,てしおちょう,http://www.teshiotown.hokkaido.jp/,留萌振興局
弟子屈町,てしかがちょう,https://www.town.teshikaga.hokkaido.jp/,釧路総合振興局
当別町,とうべつちょう,https://www.town.tobetsu.hokkaido.jp/,石狩振興局
当麻町,とうまちょう,http://town.tohma.hokkaido.jp/,上川総合振興局
洞爺湖町,とうやこちょう,http://www.town.toyako.hokkaido.jp/,胆振総合振興局
苫小牧市,とまこまいし,http://www.city.tomakomai.hokkaido.jp/,胆振総合振興局
苫前町,とままえちょう,http://www.town.tomamae.lg.jp/,留萌振興局
泊村,とまりむら,http://www.vill.tomari.hokkaido.jp/,後志総合振興局
豊浦町,とようらちょう,https://www.town.toyoura.hokkaido.jp/,胆振総合振興局
豊頃町,とよころちょう,http://www.toyokoro.jp/,十勝総合振興局
豊富町,とよとみちょう,https://www.town.toyotomi.hokkaido.jp/,宗谷総合振興局
奈井江町,ないえちょう,http://www.town.naie.hokkaido.jp/,空知総合振興局
中川町,なかがわちょう,http://www.town.nakagawa.hokkaido.jp/,上川総合振興局
中札内村,なかさつないむら,http://www.vill.nakasatsunai.hokkaido.jp/,十勝総合振興局
中標津町,なかしべつちょう,https://www.nakashibetsu.jp/,根室振興局
中頓別町,なかとんべつちょう,https://www.town.nakatombetsu.hokkaido.jp/,宗谷総合振興局
長沼町,ながぬまちょう,https://www.maoi-net.jp/,空知総合振興局
中富良野町,なかふらのちょう,https://www.town.nakafurano.lg.jp/,上川総合振興局
七飯町,ななえちょう,https://www.town.nanae.hokkaido.jp/,渡島総合振興局
名寄市,なよろし,http://www.city.nayoro.lg.jp/,上川総合振興局
南幌町,なんぽろちょう,http://www.town.nanporo.hokkaido.jp/,空知総合振興局
新冠町,にいかっぷちょう,https://www.niikappu.jp/,日高振興局
仁木町,にきちょう,http://www.town.niki.hokkaido.jp/,後志総合振興局
西興部村,にしおこっぺむら,https://www.vill.nishiokoppe.lg.jp/,オホーツク総合振興局
ニセコ町,にせこちょう,https://www.town.niseko.lg.jp/,後志総合振興局
沼田町,ぬまたちょう,https://www.town.numata.hokkaido.jp/,空知総合振興局
根室市,ねむろし,https://www.city.nemuro.hokkaido.jp/,根室振興局
登別市,のぼりべつし,https://www.city.noboribetsu.lg.jp/,胆振総合振興局
函館市,はこだてし,https://www.city.hakodate.hokkaido.jp/,渡島総合振興局
羽幌町,はぼろちょう,https://www.town.haboro.lg.jp/,留萌振興局
浜頓別町,はまとんべつちょう,http://www.town.hamatonbetsu.hokkaido.jp/,宗谷総合振興局
浜中町,はまなかちょう,https://www.townhamanaka.jp/,釧路総合振興局
美瑛町,びえいちょう,https://town.biei.hokkaido.jp/,上川総合振興局
東神楽町,ひがしかぐらちょう,https://www.town.higashikagura.lg.jp/,上川総合振興局
東川町,ひがしかわちょう,https://town.higashikawa.hokkaido.jp/,上川総合振興局
日高町,ひだかちょう,https://www.town.hidaka.hokkaido.jp/,日高振興局
比布町,ぴっぷちょう,http://www.town.pippu.hokkaido.jp/,上川総合振興局
美唄市,びばいし,http://www.city.bibai.hokkaido.jp/,空知総合振興局
美深町,びふかちょう,http://www.town.bifuka.hokkaido.jp/,上川総合振興局
美幌町,びほろちょう,http://www.town.bihoro.hokkaido.jp/,オホーツク総合振興局
平取町,びらとりちょう,http://www.town.biratori.hokkaido.jp/,日高振興局
広尾町,ひろおちょう,https://www.town.hiroo.lg.jp/,十勝総合振興局
深川市,ふかがわし,https://www.city.fukagawa.lg.jp/,空知総合振興局
福島町,ふくしまちょう,http://www.town.fukushima.hokkaido.jp/,渡島総合振興局
富良野市,ふらのし,http://www.city.furano.hokkaido.jp/,上川総合振興局
古平町,ふるびらちょう,http://www.town.furubira.lg.jp/,後志総合振興局
別海町,べつかいちょう,https://betsukai.jp/,根室振興局
北斗市,ほくとし,https://www.city.hokuto.hokkaido.jp/,渡島総合振興局
北竜町,ほくりゅうちょう,http://www.town.hokuryu.hokkaido.jp/,空知総合振興局
幌加内町,ほろかないちょう,http://www.town.horokanai.hokkaido.jp/,上川総合振興局
幌延町,ほろのべちょう,https://www.town.horonobe.lg.jp/,宗谷総合振興局
本別町,ほんべつちょう,https://www.town.honbetsu.hokkaido.jp/,十勝総合振興局
幕別町,まくべつちょう,https://www.town.makubetsu.lg.jp/,十勝総合振興局
増毛町,ましけちょう,https://www.town.mashike.hokkaido.jp/,留萌振興局
真狩村,まっかりむら,https://www.vill.makkari.lg.jp/,後志総合振興局
松前町,まつまえちょう,https://www.town.matsumae.hokkaido.jp/,渡島総合振興局
三笠市,みかさし,https://www.city.mikasa.hokkaido.jp/,空知総合振興局
南富良野町,みなみふらのちょう,https://town.minamifurano.hokkaido.jp/,上川総合振興局
むかわ町,むかわちょう,http://www.town.mukawa.lg.jp/,胆振総合振興局
室蘭市,むろらんし,https://www.city.muroran.lg.jp/,胆振総合振興局
芽室町,めむろちょう,https://www.memuro.net/,十勝総合振興局
妹背牛町,もせうしちょう,https://www.town.moseushi.hokkaido.jp/,空知総合振興局
森町,もりまち,https://www.town.hokkaido-mori.lg.jp/,渡島総合振興局
紋別市,もんべつし,https://mombetsu.jp/,オホーツク総合振興局
八雲町,やくもちょう,https://www.town.yakumo.lg.jp/,渡島総合振興局
夕張市,ゆうばりし,https://www.city.yubari.lg.jp/,空知総合振興局
湧別町,ゆうべつちょう,https://www.town.yubetsu.lg.jp/,オホーツク総合振興局
由仁町,ゆにちょう,http://www.town.yuni.lg.jp/,空知総合振興局
余市町,よいちちょう,https://www.town.yoichi.hokkaido.jp/,後志総合振興局
羅臼町,らうすちょう,http://www.rausu-town.jp/,根室振興局
蘭越町,らんこしちょう,http://www.town.rankoshi.hokkaido.jp/,後志総合振興局
陸別町,りくべつちょう,https://www.rikubetsu.jp/,十勝総合振興局
利尻町,りしりちょう,http://www.town.rishiri.hokkaido.jp/,宗谷総合振興局
利尻富士町,りしりふじちょう,https://www.town.rishirifuji.hokkaido.jp/,宗谷総合振興局
留寿都村,るすつむら,https://www.vill.rusutsu.lg.jp/,後志総合振興局
留萌市,るもいし,https://www.e-rumoi.jp/,留萌振興局
礼文町,れぶんちょう,https://www.town.rebun.hokkaido.jp/,宗谷総合振興局
稚内市,わっかないし,https://www.city.wakkanai.hokkaido.jp/,宗谷総合振興局
和寒町,わっさむちょう,https://www.town.wassamu.hokkaido.jp/,上川総合振興局
