No., 都道府県, Flag, 公式HP（URL)
1, 北海道, 1, https://www.pref.hokkaido.lg.jp/" 
2, 札幌市, 2, https://www.city.sapporo.jp/"
3, 函館市, 2, https://www.city.hakodate.hokkaido.jp/"
4, 小樽市, 2, https://www.city.otaru.lg.jp/"
5, 旭川市, 2, https://www.city.asahikawa.hokkaido.jp/"
6, 室蘭市, 2, https://www.city.muroran.lg.jp/"
7, 釧路市, 2, https://www.city.kushiro.lg.jp/"
8, 帯広市, 2, https://www.city.obihiro.hokkaido.jp/"
9, 北見市, 2, https://www.city.kitami.lg.jp/"
10, 夕張市, 2, https://www.city.yubari.lg.jp/"
11, 岩見沢市, 2, https://www.city.iwamizawa.hokkaido.jp/"
12, 網走市, 2, https://www.city.abashiri.hokkaido.jp/"
13, 留萌市, 2, https://www.e-rumoi.jp/"
14, 苫小牧市, 2, https://www.city.tomakomai.hokkaido.jp/"
15, 稚内市, 2, https://www.city.wakkanai.hokkaido.jp/"
16, 美唄市, 2, https://www.city.bibai.hokkaido.jp/"
17, 芦別市, 2, https://www.city.ashibetsu.hokkaido.jp/"
18, 江別市, 2, https://www.city.ebetsu.hokkaido.jp/"
19, 赤平市, 2, https://www.city.akabira.hokkaido.jp/"
20, 紋別市, 2, https://mombetsu.jp/"
21, 士別市, 2, https://www.city.shibetsu.lg.jp/"
22, 名寄市, 2, http://www.city.nayoro.lg.jp/"
23, 三笠市, 2, https://www.city.mikasa.hokkaido.jp/"
24, 根室市, 2, https://www.city.nemuro.hokkaido.jp/"
25, 千歳市, 2, https://www.city.chitose.lg.jp/"
26, 滝川市, 2, https://www.city.takikawa.hokkaido.jp/"
27, 砂川市, 2, https://www.city.sunagawa.hokkaido.jp/"
28, 歌志内市, 2, https://www.city.utashinai.hokkaido.jp/"
29, 深川市, 2, https://www.city.fukagawa.lg.jp/"
30, 富良野市, 2, http://www.city.furano.hokkaido.jp/"
31, 登別市, 2, https://www.city.noboribetsu.lg.jp/"
32, 恵庭市, 2, https://www.city.eniwa.hokkaido.jp/"
33, 伊達市, 2, https://www.city.date.hokkaido.jp/"
34, 北広島市, 2, https://www.city.kitahiroshima.hokkaido.jp/"
35, 石狩市, 2, https://www.city.ishikari.hokkaido.jp/"
36, 北斗市, 2, https://www.city.hokuto.hokkaido.jp/"
37, 3, 当別町, https://www.town.tobetsu.hokkaido.jp/"
38, 4, 新篠津村, https://www.vill.shinshinotsu.hokkaido.jp/"
39, 3, 松前町, http://www.town.matsumae.hokkaido.jp/"
40, 3, 福島町, http://www.town.fukushima.hokkaido.jp/"
41, 3, 知内町, http://www.town.shiriuchi.hokkaido.jp/"
42, 3, 木古内町, http://www.town.kikonai.hokkaido.jp/"
43, 3, 七飯町, https://www.town.nanae.hokkaido.jp/"
44, 3, 鹿部町, http://www.town.shikabe.lg.jp/"
45, 3, 森町, https://www.town.hokkaido-mori.lg.jp/"
46, 3, 八雲町, https://www.town.yakumo.lg.jp/"
47, 3, 長万部町, https://www.town.oshamambe.lg.jp/"
48, 3, 江差町, https://www.hokkaido-esashi.jp/"
49, 3, 上ノ国町, http://www.town.kaminokuni.lg.jp/"
50, 3, 厚沢部町, https://www.town.assabu.lg.jp/"
51, 3, 乙部町, https://www.town.otobe.lg.jp/"
52, 3, 奥尻町, https://www.town.okushiri.lg.jp/"
53, 3, 今金町, https://www.town.imakane.lg.jp/"
54, 3, せたな町, https://www.town.setana.lg.jp/"
55, 4, 島牧村, https://www.vill.shimamaki.lg.jp/"
56, 3, 寿都町, http://www.town.suttu.lg.jp/"
57, 3, 黒松内町, http://www.kuromatsunai.com/"
58, 3, 蘭越町, https://www.town.rankoshi.hokkaido.jp/"
59, 3, ニセコ町, https://www.town.niseko.lg.jp/"
60, 4, 真狩村, https://www.vill.makkari.lg.jp/"
61, 4, 留寿都村, http://www.vill.rusutsu.lg.jp/"
62, 3, 喜茂別町, http://www.town.kimobetsu.hokkaido.jp/"
63, 3, 京極町, http://www.town-kyogoku.jp/"
64, 3, 倶知安町, https://www.town.kutchan.hokkaido.jp/"
65, 3, 共和町, https://www.town.kyowa.hokkaido.jp/"
66, 3, 岩内町, https://www.town.iwanai.hokkaido.jp/"
67, 4, 泊村, http://www.vill.tomari.hokkaido.jp/"
68, 4, 神恵内村, https://www.vill.kamoenai.hokkaido.jp/"
69, 3, 積丹町, https://www.town.shakotan.lg.jp/"
70, 3, 古平町, http://www.town.furubira.lg.jp/"
71, 3, 仁木町, http://www.town.niki.hokkaido.jp/"
72, 3, 余市町, https://www.town.yoichi.hokkaido.jp/"
73, 4, 赤井川村, https://www.akaigawa.com/"
74, 3, 南幌町, https://www.town.nanporo.hokkaido.jp/"
75, 3, 奈井江町, http://www.town.naie.hokkaido.jp/"
76, 3, 上砂川町, https://town.kamisunagawa.hokkaido.jp/"
77, 3, 由仁町, http://www.town.yuni.lg.jp/"
78, 3, 長沼町, https://www.maoi-net.jp/"
79, 3, 栗山町, https://www.town.kuriyama.hokkaido.jp/"
80, 3, 月形町, http://www.town.tsukigata.hokkaido.jp/"
81, 3, 浦臼町, https://www.town.urausu.hokkaido.jp/"
82, 3, 新十津川町, http://www.town.shintotsukawa.lg.jp/"
83, 3, 妹背牛町, https://www.town.moseushi.hokkaido.jp/"
84, 3, 秩父別町, https://www.town.chippubetsu.hokkaido.jp/"
85, 3, 雨竜町, https://www.town.uryu.hokkaido.jp/"
86, 3, 北竜町, http://www.town.hokuryu.hokkaido.jp/"
87, 3, 沼田町, https://www.town.numata.hokkaido.jp/"
88, 3, 鷹栖町, https://www.town.takasu.hokkaido.jp/"
89, 3, 東神楽町, https://www.town.higashikagura.lg.jp/"
90, 3, 当麻町, http://www.town.tohma.hokkaido.jp/"
91, 3, 比布町, http://www.town.pippu.hokkaido.jp/"
92, 3, 愛別町, http://www.town.aibetsu.hokkaido.jp/"
93, 3, 上川町, https://www.town.hokkaido-kamikawa.lg.jp/"
94, 3, 東川町, https://www.town.higashikawa.hokkaido.jp/"
95, 3, 美瑛町, https://www.town.biei.hokkaido.jp/"
96, 3, 上富良野町, https://www.town.kamifurano.hokkaido.jp/"
97, 3, 中富良野町, http://www.town.nakafurano.lg.jp/"
98, 3, 南富良野町, https://www.town.minamifurano.hokkaido.jp/"
99, 4, 占冠村, https://www.vill.shimukappu.lg.jp/"
100, 3, 和寒町, https://www.town.wassamu.hokkaido.jp/"
101, 3, 剣淵町, https://www.town.kembuchi.hokkaido.jp/"
102, 3, 下川町, https://www.town.shimokawa.hokkaido.jp/"
103, 3, 美深町, http://www.town.bifuka.hokkaido.jp/"
104, 4, 音威子府村, http://www.vill.otoineppu.hokkaido.jp/"
105, 3, 中川町, http://www.town.nakagawa.hokkaido.jp/"
106, 3, 幌加内町, https://www.town.horokanai.hokkaido.jp/"
107, 3, 増毛町, https://www.town.mashike.hokkaido.jp/"
108, 3, 小平町, http://www.town.obira.hokkaido.jp/"
109, 3, 苫前町, http://www.town.tomamae.lg.jp/"
110, 3, 羽幌町, https://www.town.haboro.lg.jp/"
111, 4, 初山別村, http://www.vill.shosanbetsu.lg.jp/"
112, 3, 遠別町, http://www.town.embetsu.hokkaido.jp/"
113, 3, 天塩町, http://www.teshiotown.hokkaido.jp/"
114, 4, 猿払村, https://www.vill.sarufutsu.hokkaido.jp/"
115, 3, 浜頓別町, http://www.town.hamatonbetsu.hokkaido.jp/"
116, 3, 中頓別町, https://www.town.nakatombetsu.hokkaido.jp/"
117, 3, 枝幸町, https://www.esashi.jp/"
118, 3, 豊富町, https://www.town.toyotomi.hokkaido.jp/"
119, 3, 礼文町, http://www.town.rebun.hokkaido.jp/"
120, 3, 利尻町, http://www.town.rishiri.hokkaido.jp/"
121, 3, 利尻富士町, https://www.town.rishirifuji.hokkaido.jp/rishirifuji/"
122, 3, 幌延町, https://www.town.horonobe.lg.jp/"
123, 3, 美幌町, http://www.town.bihoro.hokkaido.jp/"
124, 3, 津別町, https://www.town.tsubetsu.hokkaido.jp/"
125, 3, 斜里町, https://www.town.shari.hokkaido.jp/"
126, 3, 清里町, https://www.town.kiyosato.hokkaido.jp/"
127, 3, 小清水町, https://www.town.koshimizu.hokkaido.jp/"
128, 3, 訓子府町, https://www.town.kunneppu.hokkaido.jp/"
129, 3, 置戸町, http://www.town.oketo.hokkaido.jp/"
130, 3, 佐呂間町, https://www.town.saroma.hokkaido.jp/"
131, 3, 遠軽町, https://engaru.jp/"
132, 3, 湧別町, https://www.town.yubetsu.lg.jp/"
133, 3, 滝上町, http://www.town.takinoue.hokkaido.jp/"
134, 3, 興部町, https://www.town.okoppe.lg.jp/"
135, 4, 西興部村, https://www.vill.nishiokoppe.lg.jp/"
136, 3, 雄武町, http://www.town.oumu.hokkaido.jp/"
137, 3, 大空町, http://www.town.ozora.hokkaido.jp/"
138, 3, 豊浦町, http://www.town.toyoura.hokkaido.jp/"
139, 3, 壮瞥町, https://www.town.sobetsu.lg.jp/"
140, 3, 白老町, http://www.town.shiraoi.hokkaido.jp/"
141, 3, 厚真町, http://www.town.atsuma.lg.jp/"
142, 3, 洞爺湖町, http://www.town.toyako.hokkaido.jp/"
143, 3, 安平町, https://www.town.abira.lg.jp/"
144, 3, むかわ町, http://www.town.mukawa.lg.jp/"
145, 3, 日高町, http://www.town.hidaka.hokkaido.jp/"
146, 3, 平取町, http://www.town.biratori.hokkaido.jp/"
147, 3, 新冠町, https://www.niikappu.jp/"
148, 3, 浦河町, https://www.town.urakawa.hokkaido.jp/"
149, 3, 様似町, http://www.samani.jp/"
150, 3, えりも町, https://www.town.erimo.lg.jp/"
151, 3, 新ひだか町, http://www.shinhidaka-hokkaido.jp/"
152, 3, 音更町, https://www.town.otofuke.hokkaido.jp/"
153, 3, 士幌町, https://www.shihoro.jp/"
154, 3, 上士幌町, https://www.kamishihoro.jp/"
155, 3, 鹿追町, https://www.town.shikaoi.lg.jp/"
156, 3, 新得町, https://www.shintoku-town.jp/"
157, 3, 清水町, http://www.town.shimizu.hokkaido.jp/"
158, 3, 芽室町, https://www.memuro.net/"
159, 4, 中札内村, https://www.vill.nakasatsunai.hokkaido.jp/"
160, 4, 更別村, http://www.sarabetsu.jp/"
161, 3, 大樹町, https://www.town.taiki.hokkaido.jp/"
162, 3, 広尾町, https://www.town.hiroo.lg.jp/"
163, 3, 幕別町, https://www.town.makubetsu.lg.jp/"
164, 3, 池田町, https://www.town.hokkaido-ikeda.lg.jp/"
165, 3, 豊頃町, http://www.toyokoro.jp/"
166, 3, 本別町, https://www.town.honbetsu.hokkaido.jp/"
167, 3, 足寄町, https://www.town.ashoro.hokkaido.jp/"
168, 3, 陸別町, https://www.rikubetsu.jp/"
169, 3, 浦幌町, https://www.urahoro.jp/"
170, 3, 釧路町, http://www.town.kushiro.lg.jp/"
171, 3, 厚岸町, https://www.akkeshi-town.jp/"
172, 3, 浜中町, https://www.townhamanaka.jp/"
173, 3, 標茶町, https://town.shibecha.hokkaido.jp/"
174, 3, 弟子屈町, https://www.town.teshikaga.hokkaido.jp/"
175, 4, 鶴居村, https://www.vill.tsurui.lg.jp/"
176, 3, 白糠町, https://www.town.shiranuka.lg.jp/"
177, 3, 別海町, https://betsukai.jp/"
178, 3, 中標津町, http://www.nakashibetsu.jp/"
179, 3, 標津町, https://www.shibetsutown.jp/"
180, 3, 羅臼町, https://www.rausu-town.jp/"
181, 1, 青森県, https://www.pref.aomori.lg.jp/"
182, 青森市, https://www.city.aomori.aomori.jp/"
183, 弘前市, http://www.city.hirosaki.aomori.jp/"
184, 八戸市, https://www.city.hachinohe.aomori.jp/"
185, 黒石市, http://www.city.kuroishi.aomori.jp/"
186, 五所川原市, http://www.city.goshogawara.lg.jp/"
187, 十和田市, https://www.city.towada.lg.jp/"
188, 三沢市, https://www.city.misawa.lg.jp/"
189, むつ市, https://www.city.mutsu.lg.jp/"
190, つがる市, https://www.city.tsugaru.aomori.jp/"
191, 平川市, https://www.city.hirakawa.lg.jp/"
192, 3, 平内町, http://www.town.hiranai.aomori.jp/"
193, 3, 今別町, https://www.town.imabetsu.lg.jp/"
194, 4, 蓬田村, http://www.vill.yomogita.lg.jp/"
195, 3, 外ヶ浜町, http://www.town.sotogahama.lg.jp/"
196, 3, 鰺ヶ沢町, https://www.town.ajigasawa.lg.jp/"
197, 3, 深浦町, https://www.town.fukaura.lg.jp/"
198, 4, 西目屋村, https://www.nishimeya.jp/"
199, 3, 藤崎町, http://www.town.fujisaki.lg.jp/"
200, 3, 大鰐町, http://www.town.owani.lg.jp/"
201, 4, 田舎館村, http://www.vill.inakadate.lg.jp/"
202, 3, 板柳町, https://www.town.itayanagi.aomori.jp/"
203, 3, 鶴田町, http://www.town.tsuruta.lg.jp/"
204, 3, 中泊町, http://www.town.nakadomari.lg.jp/"
205, 3, 野辺地町, http://www.town.noheji.aomori.jp/"
206, 3, 七戸町, http://www.town.shichinohe.lg.jp/"
207, 3, 六戸町, https://www.town.rokunohe.aomori.jp/"
208, 3, 横浜町, http://www.town.yokohama.lg.jp/"
209, 3, 東北町, http://www.town.tohoku.lg.jp/"
210, 4, 六ヶ所村, https://www.rokkasho.jp/"
211, 3, おいらせ町, https://www.town.oirase.aomori.jp/"
212, 3, 大間町, https://www.town.ooma.lg.jp/"
213, 4, 東通村, http://www.vill.higashidoori.lg.jp/"
214, 4, 風間浦村, https://www.kazamaura.jp/"
215, 4, 佐井村, http://www.vill.sai.lg.jp/"
216, 3, 三戸町, https://www.town.sannohe.aomori.jp/"
217, 3, 五戸町, http://www.town.gonohe.aomori.jp/"
218, 3, 田子町, http://www.town.takko.lg.jp/"
219, 3, 南部町, http://www.town.aomori-nanbu.lg.jp/"
220, 3, 階上町, https://www.town.hashikami.lg.jp/"
221, 4, 新郷村, http://www.vill.shingo.aomori.jp/"
222, 1, 岩手県, https://www.pref.iwate.jp/"
223, 盛岡市, https://www.city.morioka.iwate.jp/"
224, 宮古市, https://www.city.miyako.iwate.jp/"
225, 大船渡市, https://www.city.ofunato.iwate.jp/"
226, 花巻市, https://www.city.hanamaki.iwate.jp/"
227, 北上市, https://www.city.kitakami.iwate.jp/"
228, 久慈市, https://www.city.kuji.iwate.jp/"
229, 遠野市, https://www.city.tono.iwate.jp/"
230, 一関市, https://www.city.ichinoseki.iwate.jp/"
231, 陸前高田市, https://www.city.rikuzentakata.iwate.jp/"
232, 釜石市, https://www.city.kamaishi.iwate.jp/"
233, 二戸市, https://www.city.ninohe.lg.jp/"
234, 八幡平市, https://www.city.hachimantai.lg.jp/"
235, 奥州市, https://www.city.oshu.iwate.jp/"
236, 滝沢市, https://www.city.takizawa.iwate.jp/"
237, 3, 雫石町, https://www.town.shizukuishi.iwate.jp/"
238, 3, 葛巻町, https://www.town.kuzumaki.iwate.jp/"
239, 3, 岩手町, http://www.town.iwate.iwate.jp/"
240, 3, 紫波町, https://www.town.shiwa.iwate.jp/"
241, 3, 矢巾町, https://www.town.yahaba.iwate.jp/"
242, 3, 西和賀町, https://www.town.nishiwaga.lg.jp/"
243, 3, 金ケ崎町, https://www.town.kanegasaki.iwate.jp/"
244, 3, 平泉町, https://www.town.hiraizumi.iwate.jp/"
245, 3, 住田町, https://www.town.sumita.iwate.jp/"
246, 3, 大槌町, https://www.town.otsuchi.iwate.jp/"
247, 3, 山田町, https://www.town.yamada.iwate.jp/"
248, 3, 岩泉町, https://www.town.iwaizumi.lg.jp/"
249, 4, 田野畑村, https://www.vill.tanohata.iwate.jp/"
250, 4, 普代村, https://www.vill.fudai.iwate.jp/"
251, 3, 軽米町, http://www.town.karumai.iwate.jp/"
252, 4, 野田村, http://www.vill.noda.iwate.jp/"
253, 4, 九戸村, http://www.vill.kunohe.iwate.jp/"
254, 3, 洋野町, http://www.town.hirono.iwate.jp/"
255, 3, 一戸町, https://www.town.ichinohe.iwate.jp/"
256, 1, 宮城県, https://www.pref.miyagi.jp/"
257, 仙台市, https://www.city.sendai.jp/"
258, 石巻市, https://www.city.ishinomaki.lg.jp/"
259, 塩竈市, https://www.city.shiogama.miyagi.jp/"
260, 気仙沼市, https://www.kesennuma.miyagi.jp/"
261, 白石市, https://www.city.shiroishi.miyagi.jp/"
262, 名取市, https://www.city.natori.miyagi.jp/"
263, 角田市, https://www.city.kakuda.lg.jp/"
264, 多賀城市, https://www.city.tagajo.miyagi.jp/index.html"
265, 岩沼市, https://www.city.iwanuma.miyagi.jp/"
266, 登米市, https://www.city.tome.miyagi.jp/"
267, 栗原市, https://www.kuriharacity.jp/"
268, 東松島市, https://www.city.higashimatsushima.miyagi.jp/"
269, 大崎市, https://www.city.osaki.miyagi.jp/"
270, 富谷市, https://www.tomiya-city.miyagi.jp/"
271, 3, 蔵王町, https://www.town.zao.miyagi.jp/"
272, 3, 七ヶ宿町, https://town.shichikashuku.miyagi.jp/"
273, 3, 大河原町, https://www.town.ogawara.miyagi.jp/"
274, 3, 村田町, http://www.town.murata.miyagi.jp/"
275, 3, 柴田町, https://www.town.shibata.miyagi.jp/"
276, 3, 川崎町, http://www.town.kawasaki.miyagi.jp/"
277, 3, 丸森町, http://www.town.marumori.miyagi.jp/"
278, 3, 亘理町, https://www.town.watari.miyagi.jp/"
279, 3, 山元町, https://www.town.yamamoto.miyagi.jp/"
280, 3, 松島町, https://www.town.miyagi-matsushima.lg.jp/"
281, 3, 七ヶ浜町, https://www.shichigahama.com/"
282, 3, 利府町, https://www.town.rifu.miyagi.jp/"
283, 3, 大和町, https://www.town.taiwa.miyagi.jp/"
284, 3, 大郷町, https://www.town.miyagi-osato.lg.jp/"
285, 4, 大衡村, https://www.village.ohira.miyagi.jp/"
286, 3, 色麻町, https://www.town.shikama.miyagi.jp/"
287, 3, 加美町, https://www.town.kami.miyagi.jp/"
288, 3, 涌谷町, http://www.town.wakuya.miyagi.jp/"
289, 3, 美里町, https://www.town.misato.miyagi.jp/"
290, 3, 女川町, https://www.town.onagawa.miyagi.jp/"
291, 3, 南三陸町, http://www.town.minamisanriku.miyagi.jp/"
292, 1, 秋田県, https://www.pref.akita.lg.jp/"
293, 秋田市, https://www.city.akita.lg.jp/"
294, 能代市, https://www.city.noshiro.lg.jp/"
295, 横手市, https://www.city.yokote.lg.jp/"
296, 大館市, https://www.city.odate.lg.jp/"
297, 男鹿市, https://www.city.oga.akita.jp/"
298, 湯沢市, https://www.city-yuzawa.jp/"
299, 鹿角市, https://www.city.kazuno.akita.jp/"
300, 由利本荘市, https://www.city.yurihonjo.lg.jp/"
301, 潟上市, https://www.city.katagami.lg.jp/"
302, 大仙市, https://www.city.daisen.lg.jp/"
303, 北秋田市, https://www.city.kitaakita.akita.jp/"
304, にかほ市, https://www.city.nikaho.akita.jp/"
305, 仙北市, https://www.city.semboku.akita.jp/"
306, 3, 小坂町, https://www.town.kosaka.akita.jp/"
307, 4, 上小阿仁村, https://www.vill.kamikoani.akita.jp/"
308, 3, 藤里町, http://www.town.fujisato.akita.jp/"
309, 3, 三種町, http://www.town.mitane.akita.jp/"
310, 3, 八峰町, http://www.town.happou.akita.jp/"
311, 3, 五城目町, http://www.town.gojome.akita.jp/"
312, 3, 八郎潟町, https://www.town.hachirogata.akita.jp/"
313, 3, 井川町, http://www.town.ikawa.akita.jp/"
314, 4, 大潟村, http://www.vill.ogata.akita.jp/"
315, 3, 美郷町, https://www.town.misato.akita.jp/"
316, 3, 羽後町, https://www.town.ugo.lg.jp/"
317, 4, 東成瀬村, https://www.higashinaruse.com/"
318, 1, 山形県, https://www.pref.yamagata.jp/"
319, 山形市, https://www.city.yamagata-yamagata.lg.jp/"
320, 米沢市, https://www.city.yonezawa.yamagata.jp/"
321, 鶴岡市, http://www.city.tsuruoka.lg.jp/"
322, 酒田市, https://www.city.sakata.lg.jp/"
323, 新庄市, http://www.city.shinjo.yamagata.jp/"
324, 寒河江市, http://www.city.sagae.yamagata.jp/"
325, 上山市, https://www.city.kaminoyama.yamagata.jp/"
326, 村山市, https://www.city.murayama.lg.jp/"
327, 長井市, https://www.city.nagai.yamagata.jp/"
328, 天童市, https://www.city.tendo.yamagata.jp/"
329, 東根市, https://www.city.higashine.yamagata.jp/"
330, 尾花沢市, http://www.city.obanazawa.yamagata.jp/"
331, 南陽市, http://www.city.nanyo.yamagata.jp/"
332, 3, 山辺町, https://www.town.yamanobe.yamagata.jp/"
333, 3, 中山町, https://www.town.nakayama.yamagata.jp/"
334, 3, 河北町, https://www.town.kahoku.yamagata.jp/"
335, 3, 西川町, http://www.town.nishikawa.yamagata.jp/"
336, 3, 朝日町, https://www.town.asahi.yamagata.jp/"
337, 3, 大江町, http://www.town.oe.yamagata.jp/"
338, 3, 大石田町, http://www.town.oishida.yamagata.jp/"
339, 3, 金山町, https://www.town.kaneyama.yamagata.jp/"
340, 3, 最上町, https://mogami.tv/"
341, 3, 舟形町, http://www.town.funagata.yamagata.jp/"
342, 3, 真室川町, https://www.town.mamurogawa.yamagata.jp/"
343, 4, 大蔵村, http://www.vill.ohkura.yamagata.jp/"
344, 4, 鮭川村, http://www.vill.sakegawa.yamagata.jp/"
345, 4, 戸沢村, http://www.vill.tozawa.yamagata.jp/"
346, 3, 高畠町, https://www.town.takahata.yamagata.jp/"
347, 3, 川西町, https://www.town.kawanishi.yamagata.jp/"
348, 3, 小国町, http://www.town.oguni.yamagata.jp/"
349, 3, 白鷹町, http://www.town.shirataka.lg.jp/"
350, 3, 飯豊町, https://www.town.iide.yamagata.jp/"
351, 3, 三川町, https://www.town.mikawa.yamagata.jp/"
352, 3, 庄内町, https://www.town.shonai.lg.jp/"
353, 3, 遊佐町, http://www.town.yuza.yamagata.jp/"
354, 1, 福島県, https://www.pref.fukushima.lg.jp/"
355, 福島市, https://www.city.fukushima.fukushima.jp/"
356, 会津若松市, https://www.city.aizuwakamatsu.fukushima.jp/"
357, 郡山市, https://www.city.koriyama.lg.jp/"
358, いわき市, http://www.city.iwaki.lg.jp/"
359, 白河市, http://www.city.shirakawa.fukushima.jp/"
360, 須賀川市, https://www.city.sukagawa.fukushima.jp/"
361, 喜多方市, https://www.city.kitakata.fukushima.jp/"
362, 相馬市, https://www.city.soma.fukushima.jp/"
363, 二本松市, https://www.city.nihonmatsu.lg.jp/"
364, 田村市, https://www.city.tamura.lg.jp/"
365, 南相馬市, https://www.city.minamisoma.lg.jp/"
366, 伊達市, https://www.city.fukushima-date.lg.jp/"
367, 本宮市, https://www.city.motomiya.lg.jp/"
368, 3, 桑折町, https://www.town.koori.fukushima.jp/"
369, 3, 国見町, https://www.town.kunimi.fukushima.jp/"
370, 3, 川俣町, https://www.town.kawamata.lg.jp/"
371, 4, 大玉村, https://www.vill.otama.fukushima.jp/"
372, 3, 鏡石町, https://www.town.kagamiishi.fukushima.jp/"
373, 4, 天栄村, https://www.vill.tenei.fukushima.jp/"
374, 3, 下郷町, https://www.town.shimogo.fukushima.jp/"
375, 4, 檜枝岐村, https://www.vill.hinoemata.lg.jp/"
376, 3, 只見町, https://www.town.tadami.lg.jp/"
377, 3, 南会津町, https://www.town.minamiaizu.lg.jp/"
378, 4, 北塩原村, https://www.vill.kitashiobara.fukushima.jp/"
379, 3, 西会津町, https://www.town.nishiaizu.fukushima.jp/"
380, 3, 磐梯町, https://www.town.bandai.fukushima.jp/"
381, 3, 猪苗代町, https://www.town.inawashiro.fukushima.jp/"
382, 3, 会津坂下町, https://www.town.aizubange.fukushima.jp/"
383, 4, 湯川村, https://www.vill.yugawa.fukushima.jp/"
384, 3, 柳津町, https://www.town.yanaizu.fukushima.jp/"
385, 3, 三島町, http://www.town.mishima.fukushima.jp/"
386, 3, 金山町, https://www.town.kaneyama.fukushima.jp/"
387, 4, 昭和村, https://www.vill.showa.fukushima.jp/"
388, 3, 会津美里町, https://www.town.aizumisato.fukushima.jp/"
389, 4, 西郷村, https://www.vill.nishigo.fukushima.jp/"
390, 4, 泉崎村, https://www.vill.izumizaki.fukushima.jp/"
391, 4, 中島村, http://www.vill-nakajima.jp/"
392, 3, 矢吹町, http://www.town.yabuki.fukushima.jp/"
393, 3, 棚倉町, http://www.town.tanagura.fukushima.jp/"
394, 3, 矢祭町, http://www.town.yamatsuri.fukushima.jp/"
395, 3, 塙町, http://www.town.hanawa.fukushima.jp/"
396, 4, 鮫川村, https://www.vill.samegawa.fukushima.jp/"
397, 3, 石川町, https://www.town.ishikawa.fukushima.jp/"
398, 4, 玉川村, https://www.vill.tamakawa.fukushima.jp/"
399, 4, 平田村, https://www.vill.hirata.fukushima.jp/"
400, 3, 浅川町, http://www.town.asakawa.fukushima.jp/"
401, 3, 古殿町, https://www.town.furudono.fukushima.jp/"
402, 3, 三春町, https://www.town.miharu.fukushima.jp/"
403, 3, 小野町, https://www.town.ono.fukushima.jp/"
404, 3, 広野町, https://www.town.hirono.fukushima.jp/"
405, 3, 楢葉町, https://www.town.naraha.lg.jp/"
406, 3, 富岡町, https://www.tomioka-town.jp/"
407, 4, 川内村, http://www.kawauchimura.jp/"
408, 3, 大熊町, https://www.town.okuma.fukushima.jp/"
409, 3, 双葉町, https://www.town.fukushima-futaba.lg.jp/"
410, 3, 浪江町, https://www.town.namie.fukushima.jp/"
411, 4, 葛尾村, https://www.katsurao.org/"
412, 3, 新地町, https://www.shinchi-town.jp/"
413, 4, 飯舘村, https://www.vill.iitate.fukushima.jp/"
414, 1, 茨城県, https://www.pref.ibaraki.jp/"
415, 水戸市, https://www.city.mito.lg.jp/"
416, 日立市, https://www.city.hitachi.lg.jp/"
417, 土浦市, https://www.city.tsuchiura.lg.jp/"
418, 古河市, https://www.city.ibaraki-koga.lg.jp/"
419, 石岡市, https://www.city.ishioka.lg.jp/"
420, 結城市, https://www.city.yuki.lg.jp/"
421, 龍ケ崎市, https://www.city.ryugasaki.ibaraki.jp/"
422, 下妻市, https://www.city.shimotsuma.lg.jp/"
423, 常総市, http://www.city.joso.lg.jp/"
424, 常陸太田市, http://www.city.hitachiota.ibaraki.jp/"
425, 高萩市, https://www.city.takahagi.ibaraki.jp/"
426, 北茨城市, https://www.city.kitaibaraki.lg.jp/"
427, 笠間市, https://www.city.kasama.lg.jp/"
428, 取手市, https://www.city.toride.ibaraki.jp/"
429, 牛久市, https://www.city.ushiku.lg.jp/"
430, つくば市, https://www.city.tsukuba.lg.jp/"
431, ひたちなか市, https://www.city.hitachinaka.lg.jp/"
432, 鹿嶋市, https://city.kashima.ibaraki.jp/"
433, 潮来市, https://www.city.itako.lg.jp/"
434, 守谷市, https://www.city.moriya.ibaraki.jp/"
435, 常陸大宮市, https://www.city.hitachiomiya.lg.jp/"
436, 那珂市, https://www.city.naka.lg.jp/"
437, 筑西市, https://www.city.chikusei.lg.jp/"
438, 坂東市, http://www.city.bando.lg.jp/"
439, 稲敷市, https://www.city.inashiki.lg.jp/"
440, かすみがうら市, https://www.city.kasumigaura.lg.jp/"
441, 桜川市, https://www.city.sakuragawa.lg.jp/"
442, 神栖市, https://www.city.kamisu.ibaraki.jp/"
443, 行方市, https://www.city.namegata.ibaraki.jp/"
444, 鉾田市, https://www.city.hokota.lg.jp/"
445, つくばみらい市, https://www.city.tsukubamirai.lg.jp/"
446, 小美玉市, https://www.city.omitama.lg.jp/"
447, 3, 茨城町, https://www.town.ibaraki.lg.jp/"
448, 3, 大洗町, http://www.town.oarai.lg.jp/"
449, 3, 城里町, https://www.town.shirosato.lg.jp/"
450, 4, 東海村, https://www.vill.tokai.ibaraki.jp/"
451, 3, 大子町, https://www.town.daigo.ibaraki.jp/"
452, 4, 美浦村, https://www.vill.miho.lg.jp/"
453, 3, 阿見町, http://www.town.ami.lg.jp/"
454, 3, 河内町, http://www.town.ibaraki-kawachi.lg.jp/"
455, 3, 八千代町, http://www.town.ibaraki-yachiyo.lg.jp/"
456, 3, 五霞町, https://www.town.goka.lg.jp/"
457, 3, 境町, https://www.town.ibaraki-sakai.lg.jp/"
458, 3, 利根町, http://www.town.tone.ibaraki.jp/"
459, 1, 栃木県, https://www.pref.tochigi.lg.jp/"
460, 宇都宮市, https://www.city.utsunomiya.tochigi.jp/"
461, 足利市, https://www.city.ashikaga.tochigi.jp/"
462, 栃木市, https://www.city.tochigi.lg.jp/"
463, 佐野市, https://www.city.sano.lg.jp/"
464, 鹿沼市, https://www.city.kanuma.tochigi.jp/"
465, 日光市, https://www.city.nikko.lg.jp/"
466, 小山市, https://www.city.oyama.tochigi.jp/"
467, 真岡市, https://www.city.moka.lg.jp/"
468, 大田原市, https://www.city.ohtawara.tochigi.jp/"
469, 矢板市, https://www.city.yaita.tochigi.jp/"
470, 那須塩原市, http://www.city.nasushiobara.lg.jp/"
471, さくら市, https://www.city.tochigi-sakura.lg.jp/"
472, 那須烏山市, https://www.city.nasukarasuyama.lg.jp/"
473, 下野市, http://www.city.shimotsuke.lg.jp/"
474, 3, 上三川町, https://www.town.kaminokawa.lg.jp/"
475, 3, 益子町, http://www.town.mashiko.tochigi.jp/"
476, 3, 茂木町, https://www.town.motegi.tochigi.jp/"
477, 3, 市貝町, https://www.town.ichikai.tochigi.jp/"
478, 3, 芳賀町, https://www.town.tochigi-haga.lg.jp/"
479, 3, 壬生町, https://www.town.mibu.tochigi.jp/"
480, 3, 野木町, https://www.town.nogi.lg.jp/"
481, 3, 塩谷町, https://www.town.shioya.tochigi.jp/"
482, 3, 高根沢町, https://www.town.takanezawa.tochigi.jp/"
483, 3, 那須町, https://www.town.nasu.lg.jp/"
484, 3, 那珂川町, http://www.town.tochigi-nakagawa.lg.jp/"
485, 1, 群馬県, https://www.pref.gunma.jp/"
486, 前橋市, https://www.city.maebashi.gunma.jp/"
487, 高崎市, http://www.city.takasaki.gunma.jp/"
488, 桐生市, https://www.city.kiryu.lg.jp/"
489, 伊勢崎市, https://www.city.isesaki.lg.jp/"
490, 太田市, https://www.city.ota.gunma.jp/"
491, 沼田市, https://www.city.numata.gunma.jp/"
492, 館林市, https://www.city.tatebayashi.gunma.jp/"
493, 渋川市, https://www.city.shibukawa.lg.jp/"
494, 藤岡市, https://www.city.fujioka.gunma.jp/"
495, 富岡市, https://www.city.tomioka.lg.jp/"
496, 安中市, https://www.city.annaka.lg.jp/"
497, みどり市, https://www.city.midori.gunma.jp/"
498, 4, 榛東村, http://www.vill.shinto.gunma.jp/"
499, 3, 吉岡町, http://www.town.yoshioka.gunma.jp/"
500, 4, 上野村, http://www.uenomura.jp/"
501, 3, 神流町, http://town.kanna.gunma.jp/"
502, 3, 下仁田町, https://www.town.shimonita.lg.jp/"
503, 4, 南牧村, http://www.nanmoku.ne.jp/"
504, 3, 甘楽町, https://www.town.kanra.lg.jp/"
505, 3, 中之条町, https://www.town.nakanojo.gunma.jp/"
506, 3, 長野原町, https://www.town.naganohara.gunma.jp/"
507, 4, 嬬恋村, http://www.vill.tsumagoi.gunma.jp/"
508, 3, 草津町, https://www.town.kusatsu.gunma.jp/"
509, 4, 高山村, https://www.vill.takayama.gunma.jp/"
510, 3, 東吾妻町, https://www.town.higashiagatsuma.gunma.jp/"
511, 4, 片品村, http://www.vill.katashina.gunma.jp/"
512, 4, 川場村, http://www.vill.kawaba.gunma.jp/"
513, 4, 昭和村, https://www.vill.showa.gunma.jp/"
514, 3, みなかみ町, https://www.town.minakami.gunma.jp/"
515, 3, 玉村町, https://www.town.tamamura.lg.jp/"
516, 3, 板倉町, http://www.town.itakura.gunma.jp/"
517, 3, 明和町, https://www.town.meiwa.gunma.jp/"
518, 3, 千代田町, http://www.town.chiyoda.gunma.jp/"
519, 3, 大泉町, https://www.town.oizumi.gunma.jp/"
520, 3, 邑楽町, https://www.town.ora.gunma.jp/"
521, 1, 埼玉県, https://www.pref.saitama.lg.jp/"
522, さいたま市, https://www.city.saitama.jp/"
523, 川越市, https://www.city.kawagoe.saitama.jp/"
524, 熊谷市, http://www.city.kumagaya.lg.jp/"
525, 川口市, https://www.city.kawaguchi.lg.jp/"
526, 行田市, https://www.city.gyoda.lg.jp/"
527, 秩父市, http://www.city.chichibu.lg.jp/"
528, 所沢市, https://www.city.tokorozawa.saitama.jp/"
529, 飯能市, https://www.city.hanno.lg.jp/"
530, 加須市, https://www.city.kazo.lg.jp/"
531, 本庄市, https://www.city.honjo.lg.jp/"
532, 東松山市, http://www.city.higashimatsuyama.lg.jp/"
533, 春日部市, http://www.city.kasukabe.lg.jp/"
534, 狭山市, https://www.city.sayama.saitama.jp/"
535, 羽生市, https://www.city.hanyu.lg.jp/"
536, 鴻巣市, https://www.city.kounosu.saitama.jp/"
537, 深谷市, http://www.city.fukaya.saitama.jp/"
538, 上尾市, http://www.city.ageo.lg.jp/"
539, 草加市, http://www.city.soka.saitama.jp/"
540, 越谷市, https://www.city.koshigaya.saitama.jp/"
541, 蕨市, https://www.city.warabi.saitama.jp/"
542, 戸田市, https://www.city.toda.saitama.jp/"
543, 入間市, http://www.city.iruma.saitama.jp/"
544, 朝霞市, https://www.city.asaka.lg.jp/"
545, 志木市, https://www.city.shiki.lg.jp/"
546, 和光市, http://www.city.wako.lg.jp/"
547, 新座市, https://www.city.niiza.lg.jp/"
548, 桶川市, https://www.city.okegawa.lg.jp/"
549, 久喜市, http://www.city.kuki.lg.jp/"
550, 北本市, https://www.city.kitamoto.lg.jp/"
551, 八潮市, http://www.city.yashio.lg.jp/"
552, 富士見市, https://www.city.fujimi.saitama.jp/"
553, 三郷市, http://www.city.misato.lg.jp/"
554, 蓮田市, http://www.city.hasuda.saitama.jp/"
555, 坂戸市, https://www.city.sakado.lg.jp/"
556, 幸手市, https://www.city.satte.lg.jp/"
557, 鶴ヶ島市, http://www.city.tsurugashima.lg.jp/"
558, 日高市, https://www.city.hidaka.lg.jp/"
559, 吉川市, https://www.city.yoshikawa.saitama.jp/"
560, ふじみ野市, https://www.city.fujimino.saitama.jp/"
561, 白岡市, http://www.city.shiraoka.lg.jp/"
562, 3, 伊奈町, https://www.town.saitama-ina.lg.jp/"
563, 3, 三芳町, https://www.town.saitama-miyoshi.lg.jp/"
564, 3, 毛呂山町, http://www.town.moroyama.saitama.jp/"
565, 3, 越生町, http://www.town.ogose.saitama.jp/"
566, 3, 滑川町, https://www.town.namegawa.saitama.jp/"
567, 3, 嵐山町, http://www.town.ranzan.saitama.jp/"
568, 3, 小川町, https://www.town.ogawa.saitama.jp/"
569, 3, 川島町, https://www.town.kawajima.saitama.jp/"
570, 3, 吉見町, http://www.town.yoshimi.saitama.jp/"
571, 3, 鳩山町, http://www.town.hatoyama.saitama.jp/"
572, 3, ときがわ町, https://www.town.tokigawa.lg.jp/"
573, 3, 横瀬町, https://www.town.yokoze.saitama.jp/"
574, 3, 皆野町, https://www.town.minano.saitama.jp/"
575, 3, 長瀞町, http://www.town.nagatoro.saitama.jp/"
576, 3, 小鹿野町, https://www.town.ogano.lg.jp/"
577, 4, 東秩父村, https://www.vill.higashichichibu.saitama.jp/"
578, 3, 美里町, https://www.town.saitama-misato.lg.jp/"
579, 3, 神川町, http://www.town.kamikawa.saitama.jp/"
580, 3, 上里町, http://www.town.kamisato.saitama.jp/"
581, 3, 寄居町, http://www.town.yorii.saitama.jp/"
582, 3, 宮代町, http://www.town.miyashiro.lg.jp/"
583, 3, 杉戸町, http://www.town.sugito.lg.jp/"
584, 3, 松伏町, http://www.town.matsubushi.lg.jp/"
585, 1, 千葉県, https://www.pref.chiba.lg.jp/"
586, 千葉市, https://www.city.chiba.jp/"
587, 銚子市, https://www.city.choshi.chiba.jp/"
588, 市川市, https://www.city.ichikawa.lg.jp/"
589, 船橋市, https://www.city.funabashi.lg.jp/"
590, 館山市, https://www.city.tateyama.chiba.jp/"
591, 木更津市, https://www.city.kisarazu.lg.jp/"
592, 松戸市, https://www.city.matsudo.chiba.jp/"
593, 野田市, https://www.city.noda.chiba.jp/"
594, 茂原市, http://www.city.mobara.chiba.jp/"
595, 成田市, https://www.city.narita.chiba.jp/"
596, 佐倉市, https://www.city.sakura.lg.jp/"
597, 東金市, http://www.city.togane.chiba.jp/"
598, 旭市, https://www.city.asahi.lg.jp/"
599, 習志野市, https://www.city.narashino.lg.jp/"
600, 柏市, https://www.city.kashiwa.lg.jp/"
601, 勝浦市, https://www.city.katsuura.lg.jp/"
602, 市原市, https://www.city.ichihara.chiba.jp/"
603, 流山市, https://www.city.nagareyama.chiba.jp/"
604, 八千代市, https://www.city.yachiyo.chiba.jp/"
605, 我孫子市, http://www.city.abiko.chiba.jp/"
606, 鴨川市, https://www.city.kamogawa.lg.jp/"
607, 鎌ケ谷市, http://www.city.kamagaya.chiba.jp/"
608, 君津市, https://www.city.kimitsu.lg.jp/"
609, 富津市, https://www.city.futtsu.lg.jp/"
610, 浦安市, https://www.city.urayasu.lg.jp/"
611, 四街道市, http://www.city.yotsukaido.chiba.jp/"
612, 袖ケ浦市, https://www.city.sodegaura.lg.jp/"
613, 八街市, https://www.city.yachimata.lg.jp/"
614, 印西市, https://www.city.inzai.lg.jp/"
615, 白井市, https://www.city.shiroi.chiba.jp/"
616, 富里市, https://www.city.tomisato.lg.jp/"
617, 南房総市, https://www.city.minamiboso.chiba.jp/"
618, 匝瑳市, https://www.city.sosa.lg.jp/"
619, 香取市, http://www.city.katori.lg.jp/"
620, 山武市, https://www.city.sammu.lg.jp/"
621, いすみ市, https://www.city.isumi.lg.jp/"
622, 大網白里市, http://www.city.oamishirasato.lg.jp/"
623, 3, 酒々井町, https://www.town.shisui.chiba.jp/"
624, 3, 栄町, http://www.town.sakae.chiba.jp/"
625, 3, 神崎町, http://www.town.kozaki.chiba.jp/"
626, 3, 多古町, https://www.town.tako.chiba.jp/"
627, 3, 東庄町, http://www.town.tohnosho.chiba.jp/"
628, 3, 九十九里町, https://www.town.kujukuri.chiba.jp/"
629, 3, 芝山町, https://www.town.shibayama.lg.jp/"
630, 3, 横芝光町, https://www.town.yokoshibahikari.chiba.jp/"
631, 3, 一宮町, http://www.town.ichinomiya.chiba.jp/"
632, 3, 睦沢町, https://www.town.mutsuzawa.chiba.jp/"
633, 4, 長生村, http://www.vill.chosei.chiba.jp/"
634, 3, 白子町, http://www.town.shirako.lg.jp/"
635, 3, 長柄町, http://www.town.nagara.chiba.jp/"
636, 3, 長南町, https://www.town.chonan.chiba.jp/"
637, 3, 大多喜町, http://www.town.otaki.chiba.jp/"
638, 3, 御宿町, http://www.town.onjuku.chiba.jp/"
639, 3, 鋸南町, https://www.town.kyonan.chiba.jp/"
640, 1, 東京都, https://www.metro.tokyo.lg.jp/"
641</td><td class="b23ku">千代田区, https://www.city.chiyoda.lg.jp/"
642</td><td class="b23ku">中央区, https://www.city.chuo.lg.jp/"
643</td><td class="b23ku">港区, https://www.city.minato.tokyo.jp/"
644</td><td class="b23ku">新宿区, https://www.city.shinjuku.lg.jp/"
645</td><td class="b23ku">文京区, https://www.city.bunkyo.lg.jp/"
646</td><td class="b23ku">台東区, https://www.city.taito.lg.jp/"
647</td><td class="b23ku">墨田区, https://www.city.sumida.lg.jp/"
648</td><td class="b23ku">江東区, https://www.city.koto.lg.jp/"
649</td><td class="b23ku">品川区, https://www.city.shinagawa.tokyo.jp/"
650</td><td class="b23ku">目黒区, https://www.city.meguro.tokyo.jp/"
651</td><td class="b23ku">大田区, https://www.city.ota.tokyo.jp/"
652</td><td class="b23ku">世田谷区, https://www.city.setagaya.lg.jp/"
653</td><td class="b23ku">渋谷区, https://www.city.shibuya.tokyo.jp/"
654</td><td class="b23ku">中野区, https://www.city.tokyo-nakano.lg.jp/"
655</td><td class="b23ku">杉並区, https://www.city.suginami.tokyo.jp/"
656</td><td class="b23ku">豊島区, https://www.city.toshima.lg.jp/"
657</td><td class="b23ku">北区, https://www.city.kita.tokyo.jp/"
658</td><td class="b23ku">荒川区, https://www.city.arakawa.tokyo.jp/"
659</td><td class="b23ku">板橋区, https://www.city.itabashi.tokyo.jp/"
660</td><td class="b23ku">練馬区, https://www.city.nerima.tokyo.jp/"
661</td><td class="b23ku">足立区, https://www.city.adachi.tokyo.jp/"
662</td><td class="b23ku">葛飾区, https://www.city.katsushika.lg.jp/"
663</td><td class="b23ku">江戸川区, https://www.city.edogawa.tokyo.jp/"
664, 八王子市, https://www.city.hachioji.tokyo.jp/"
665, 立川市, https://www.city.tachikawa.lg.jp/"
666, 武蔵野市, http://www.city.musashino.lg.jp/"
667, 三鷹市, https://www.city.mitaka.lg.jp/"
668, 青梅市, https://www.city.ome.tokyo.jp/"
669, 府中市, http://www.city.fuchu.tokyo.jp/"
670, 昭島市, https://www.city.akishima.lg.jp/"
671, 調布市, https://www.city.chofu.tokyo.jp/"
672, 町田市, https://www.city.machida.tokyo.jp/"
673, 小金井市, https://www.city.koganei.lg.jp/"
674, 小平市, https://www.city.kodaira.tokyo.jp/"
675, 日野市, https://www.city.hino.lg.jp/"
676, 東村山市, https://www.city.higashimurayama.tokyo.jp/"
677, 国分寺市, https://www.city.kokubunji.tokyo.jp/"
678, 国立市, https://www.city.kunitachi.tokyo.jp/"
679, 福生市, https://www.city.fussa.tokyo.jp/"
680, 狛江市, https://www.city.komae.tokyo.jp/"
681, 東大和市, https://www.city.higashiyamato.lg.jp/"
682, 清瀬市, https://www.city.kiyose.lg.jp/"
683, 東久留米市, https://www.city.higashikurume.lg.jp/"
684, 武蔵村山市, https://www.city.musashimurayama.lg.jp/"
685, 多摩市, https://www.city.tama.lg.jp/"
686, 稲城市, http://www.city.inagi.tokyo.jp/"
687, 羽村市, https://www.city.hamura.tokyo.jp/"
688, あきる野市, https://www.city.akiruno.tokyo.jp/"
689, 西東京市, http://www.city.nishitokyo.lg.jp/"
690, 3, 瑞穂町, https://www.town.mizuho.tokyo.jp/"
691, 3, 日の出町, https://www.town.hinode.tokyo.jp/"
692, 4, 檜原村, http://www.vill.hinohara.tokyo.jp/"
693, 3, 奥多摩町, http://www.town.okutama.tokyo.jp/"
694, 3, 大島町, https://www.town.oshima.tokyo.jp/"
695, 4, 利島村, http://www.toshimamura.org/"
696, 4, 新島村, http://www.niijima.com/"
697, 4, 神津島村, https://vill.kouzushima.tokyo.jp/"
698, 4, 三宅村, https://www.vill.miyake.tokyo.jp/"
699, 4, 御蔵島村, http://www.mikurasima.jp/"
700, 3, 八丈町, http://www.town.hachijo.tokyo.jp/"
701, 4, 青ヶ島村, http://www.vill.aogashima.tokyo.jp/"
702, 4, 小笠原村, https://www.vill.ogasawara.tokyo.jp/"
703, 1, 神奈川県, https://www.pref.kanagawa.jp/"
704, 横浜市, https://www.city.yokohama.lg.jp/"
705, 川崎市, https://www.city.kawasaki.jp/"
706, 相模原市, https://www.city.sagamihara.kanagawa.jp/"
707, 横須賀市, https://www.city.yokosuka.kanagawa.jp/"
708, 平塚市, http://www.city.hiratsuka.kanagawa.jp/"
709, 鎌倉市, https://www.city.kamakura.kanagawa.jp/"
710, 藤沢市, https://www.city.fujisawa.kanagawa.jp/"
711, 小田原市, https://www.city.odawara.kanagawa.jp/"
712, 茅ヶ崎市, https://www.city.chigasaki.kanagawa.jp/"
713, 逗子市, https://www.city.zushi.kanagawa.jp/"
714, 三浦市, http://www.city.miura.kanagawa.jp/"
715, 秦野市, https://www.city.hadano.kanagawa.jp/"
716, 厚木市, https://www.city.atsugi.kanagawa.jp/"
717, 大和市, http://www.city.yamato.lg.jp/"
718, 伊勢原市, https://www.city.isehara.kanagawa.jp/"
719, 海老名市, https://www.city.ebina.kanagawa.jp/"
720, 座間市, https://www.city.zama.kanagawa.jp/"
721, 南足柄市, https://www.city.minamiashigara.kanagawa.jp/"
722, 綾瀬市, http://www.city.ayase.kanagawa.jp/"
723, 3, 葉山町, http://www.town.hayama.lg.jp/"
724, 3, 寒川町, http://www.town.samukawa.kanagawa.jp/"
725, 3, 大磯町, http://www.town.oiso.kanagawa.jp/"
726, 3, 二宮町, http://www.town.ninomiya.kanagawa.jp/"
727, 3, 中井町, https://www.town.nakai.kanagawa.jp/"
728, 3, 大井町, https://www.town.oi.kanagawa.jp/"
729, 3, 松田町, http://town.matsuda.kanagawa.jp/"
730, 3, 山北町, http://www.town.yamakita.kanagawa.jp/"
731, 3, 開成町, https://www.town.kaisei.kanagawa.jp/"
732, 3, 箱根町, http://www.town.hakone.kanagawa.jp/"
733, 3, 真鶴町, http://www.town.manazuru.kanagawa.jp/"
734, 3, 湯河原町, https://www.town.yugawara.kanagawa.jp/"
735, 3, 愛川町, https://www.town.aikawa.kanagawa.jp/"
736, 4, 清川村, http://www.town.kiyokawa.kanagawa.jp/"
737, 1, 新潟県, https://www.pref.niigata.lg.jp/"
738, 新潟市, https://www.city.niigata.lg.jp/"
739, 長岡市, https://www.city.nagaoka.niigata.jp/"
740, 三条市, https://www.city.sanjo.niigata.jp/"
741, 柏崎市, https://www.city.kashiwazaki.lg.jp/"
742, 新発田市, https://www.city.shibata.lg.jp/"
743, 小千谷市, https://www.city.ojiya.niigata.jp/"
744, 加茂市, https://www.city.kamo.niigata.jp/"
745, 十日町市, https://www.city.tokamachi.lg.jp/"
746, 見附市, https://www.city.mitsuke.niigata.jp/"
747, 村上市, https://www.city.murakami.lg.jp/"
748, 燕市, https://www.city.tsubame.niigata.jp/"
749, 糸魚川市, https://www.city.itoigawa.lg.jp/"
750, 妙高市, https://www.city.myoko.niigata.jp/"
751, 五泉市, https://www.city.gosen.lg.jp/"
752, 上越市, https://www.city.joetsu.niigata.jp/"
753, 阿賀野市, https://www.city.agano.niigata.jp/"
754, 佐渡市, https://www.city.sado.niigata.jp/"
755, 魚沼市, https://www.city.uonuma.niigata.jp/"
756, 南魚沼市, http://www.city.minamiuonuma.niigata.jp/"
757, 胎内市, http://www.city.tainai.niigata.jp/"
758, 3, 聖籠町, http://www.town.seiro.niigata.jp/"
759, 4, 弥彦村, http://www.vill.yahiko.niigata.jp/"
760, 3, 田上町, http://www.town.tagami.niigata.jp/"
761, 3, 阿賀町, http://www.town.aga.niigata.jp/"
762, 3, 出雲崎町, http://www.town.izumozaki.niigata.jp/"
763, 3, 湯沢町, https://www.town.yuzawa.lg.jp/"
764, 3, 津南町, https://www.town.tsunan.niigata.jp/"
765, 4, 刈羽村, http://www.vill.kariwa.niigata.jp/"
766, 4, 関川村, http://www.vill.sekikawa.niigata.jp/"
767, 4, 粟島浦村, http://www.vill.awashimaura.lg.jp/"
768, 1, 富山県, https://www.pref.toyama.jp/"
769, 富山市, https://www.city.toyama.toyama.jp/"
770, 高岡市, https://www.city.takaoka.toyama.jp/"
771, 魚津市, https://www.city.uozu.toyama.jp/"
772, 氷見市, https://www.city.himi.toyama.jp/"
773, 滑川市, https://www.city.namerikawa.toyama.jp/"
774, 黒部市, https://www.city.kurobe.toyama.jp/"
775, 砺波市, https://www.city.tonami.toyama.jp/"
776, 小矢部市, http://www.city.oyabe.toyama.jp/"
777, 南砺市, https://www.city.nanto.toyama.jp/"
778, 射水市, https://www.city.imizu.toyama.jp/"
779, 4, 舟橋村, http://www.vill.funahashi.toyama.jp/"
780, 3, 上市町, https://www.town.kamiichi.toyama.jp/"
781, 3, 立山町, https://www.town.tateyama.toyama.jp/"
782, 3, 入善町, https://www.town.nyuzen.toyama.jp/"
783, 3, 朝日町, https://www.town.asahi.toyama.jp/"
784, 1, 石川県, https://www.pref.ishikawa.lg.jp/"
785, 金沢市, https://www4.city.kanazawa.lg.jp/"
786, 七尾市, https://www.city.nanao.lg.jp/"
787, 小松市, https://www.city.komatsu.lg.jp/"
788, 輪島市, https://www.city.wajima.ishikawa.jp/"
789, 珠洲市, https://www.city.suzu.lg.jp/"
790, 加賀市, https://www.city.kaga.ishikawa.jp/"
791, 羽咋市, https://www.city.hakui.lg.jp/"
792, かほく市, http://www.city.kahoku.ishikawa.jp/"
793, 白山市, https://www.city.hakusan.lg.jp/"
794, 能美市, https://www.city.nomi.ishikawa.jp/"
795, 野々市市, https://www.city.nonoichi.lg.jp/"
796, 3, 川北町, http://www.town.kawakita.ishikawa.jp/"
797, 3, 津幡町, https://www.town.tsubata.lg.jp/"
798, 3, 内灘町, http://www.town.uchinada.lg.jp/"
799, 3, 志賀町, https://www.town.shika.lg.jp/"
800, 3, 宝達志水町, https://www.hodatsushimizu.jp/"
801, 3, 中能登町, https://www.town.nakanoto.ishikawa.jp/"
802, 3, 穴水町, https://www.town.anamizu.lg.jp/"
803, 3, 能登町, https://www.town.noto.lg.jp/"
804, 1, 福井県, https://www.pref.fukui.lg.jp/"
805, 福井市, https://www.city.fukui.lg.jp/"
806, 敦賀市, https://www.city.tsuruga.lg.jp/"
807, 小浜市, http://www1.city.obama.fukui.jp/"
808, 大野市, http://www.city.ono.fukui.jp/"
809, 勝山市, https://www.city.katsuyama.fukui.jp/"
810, 鯖江市, https://www.city.sabae.fukui.jp/"
811, あわら市, http://www.city.awara.lg.jp/"
812, 越前市, https://www.city.echizen.lg.jp/"
813, 坂井市, https://www.city.fukui-sakai.lg.jp/"
814, 3, 永平寺町, https://www.town.eiheiji.lg.jp/"
815, 3, 池田町, https://www.town.ikeda.fukui.jp/"
816, 3, 南越前町, http://www.town.minamiechizen.lg.jp/"
817, 3, 越前町, http://www.town.echizen.fukui.jp/"
818, 3, 美浜町, https://www.town.fukui-mihama.lg.jp/"
819, 3, 高浜町, http://www.town.takahama.fukui.jp/"
820, 3, おおい町, http://www.town.ohi.fukui.jp/"
821, 3, 若狭町, http://www.town.fukui-wakasa.lg.jp/"
822, 1, 山梨県, https://www.pref.yamanashi.jp/"
823, 甲府市, https://www.city.kofu.yamanashi.jp/"
824, 富士吉田市, https://www.city.fujiyoshida.yamanashi.jp/"
825, 都留市, https://www.city.tsuru.yamanashi.jp/"
826, 山梨市, https://www.city.yamanashi.yamanashi.jp/"
827, 大月市, http://www.city.otsuki.yamanashi.jp/"
828, 韮崎市, https://www.city.nirasaki.lg.jp/"
829, 南アルプス市, https://www.city.minami-alps.yamanashi.jp/"
830, 北杜市, https://www.city.hokuto.yamanashi.jp/"
831, 甲斐市, https://www.city.kai.yamanashi.jp/"
832, 笛吹市, https://www.city.fuefuki.yamanashi.jp/"
833, 上野原市, https://www.city.uenohara.yamanashi.jp/"
834, 甲州市, https://www.city.koshu.yamanashi.jp/"
835, 中央市, https://www.city.chuo.yamanashi.jp/"
836, 3, 市川三郷町, http://www.town.ichikawamisato.yamanashi.jp/"
837, 3, 早川町, https://www.town.hayakawa.yamanashi.jp/"
838, 3, 身延町, https://www.town.minobu.lg.jp/"
839, 3, 南部町, https://www.town.nanbu.yamanashi.jp/"
840, 3, 富士川町, https://www.town.fujikawa.yamanashi.jp/"
841, 3, 昭和町, https://www.town.showa.yamanashi.jp/"
842, 4, 道志村, http://www.vill.doshi.lg.jp/"
843, 3, 西桂町, https://www.town.nishikatsura.yamanashi.jp/"
844, 4, 忍野村, http://www.vill.oshino.lg.jp/"
845, 4, 山中湖村, https://www.vill.yamanakako.lg.jp/"
846, 4, 鳴沢村, https://www.vill.narusawa.yamanashi.jp/"
847, 3, 富士河口湖町, http://www.town.fujikawaguchiko.lg.jp/"
848, 4, 小菅村, http://www.vill.kosuge.yamanashi.jp/"
849, 4, 丹波山村, https://www.vill.tabayama.yamanashi.jp/"
850, 1, 長野県, https://www.pref.nagano.lg.jp/"
851, 長野市, https://www.city.nagano.nagano.jp/"
852, 松本市, https://www.city.matsumoto.nagano.jp/"
853, 上田市, https://www.city.ueda.nagano.jp/"
854, 岡谷市, https://www.city.okaya.lg.jp/"
855, 飯田市, https://www.city.iida.lg.jp/"
856, 諏訪市, https://www.city.suwa.lg.jp/"
857, 須坂市, https://www.city.suzaka.nagano.jp/"
858, 小諸市, https://www.city.komoro.lg.jp/"
859, 伊那市, https://www.inacity.jp/"
860, 駒ヶ根市, https://www.city.komagane.nagano.jp/"
861, 中野市, https://www.city.nakano.nagano.jp/"
862, 大町市, https://www.city.omachi.nagano.jp/"
863, 飯山市, https://www.city.iiyama.nagano.jp/"
864, 茅野市, https://www.city.chino.lg.jp/"
865, 塩尻市, https://www.city.shiojiri.lg.jp/"
866, 佐久市, https://www.city.saku.nagano.jp/"
867, 千曲市, https://www.city.chikuma.lg.jp/"
868, 東御市, https://www.city.tomi.nagano.jp/"
869, 安曇野市, https://www.city.azumino.nagano.jp/"
870, 3, 小海町, https://www.koumi-town.jp/"
871, 4, 川上村, http://www.vill.kawakami.nagano.jp/"
872, 4, 南牧村, https://www.minamimakimura.jp/"
873, 4, 南相木村, http://www.minamiaiki.jp/"
874, 4, 北相木村, http://vill.kitaaiki.nagano.jp/"
875, 3, 佐久穂町, https://www.town.sakuho.nagano.jp/"
876, 3, 軽井沢町, https://www.town.karuizawa.lg.jp/"
877, 3, 御代田町, https://www.town.miyota.nagano.jp/"
878, 3, 立科町, http://www.town.tateshina.nagano.jp/"
879, 4, 青木村, http://www.vill.aoki.nagano.jp/"
880, 3, 長和町, https://town.nagawa.nagano.jp/"
881, 3, 下諏訪町, http://www.town.shimosuwa.lg.jp/"
882, 3, 富士見町, https://www.town.fujimi.lg.jp/"
883, 4, 原村, https://www.vill.hara.lg.jp/"
884, 3, 辰野町, http://www.town.tatsuno.nagano.jp/"
885, 3, 箕輪町, https://www.town.minowa.lg.jp/"
886, 3, 飯島町, https://www.town.iijima.lg.jp/"
887, 4, 南箕輪村, https://www.vill.minamiminowa.lg.jp/"
888, 4, 中川村, https://www.vill.nakagawa.nagano.jp/"
889, 4, 宮田村, https://www.vill.miyada.nagano.jp/"
890, 3, 松川町, https://www.town.matsukawa.lg.jp/"
891, 3, 高森町, https://www.town.nagano-takamori.lg.jp/"
892, 3, 阿南町, http://www.town.anan.nagano.jp/"
893, 4, 阿智村, https://www.vill.achi.lg.jp/"
894, 4, 平谷村, http://hirayamura.jp/"
895, 4, 根羽村, http://nebamura.jp/"
896, 4, 下條村, https://www.vill-shimojo.jp/"
897, 4, 売木村, http://www.urugi.jp/"
898, 4, 天龍村, http://www.vill-tenryu.jp/"
899, 4, 泰阜村, https://vill.yasuoka.nagano.jp/"
900, 4, 喬木村, http://www.vill.takagi.nagano.jp/"
901, 4, 豊丘村, https://www.vill.nagano-toyooka.lg.jp/"
902, 4, 大鹿村, http://www.vill.ooshika.nagano.jp/"
903, 3, 上松町, http://www.town.agematsu.nagano.jp/"
904, 3, 南木曽町, http://www.town.nagiso.nagano.jp/"
905, 4, 木祖村, http://www.vill.kiso.nagano.jp/"
906, 4, 王滝村, http://www.vill.otaki.nagano.jp/"
907, 4, 大桑村, http://www.vill.ookuwa.nagano.jp/"
908, 3, 木曽町, https://www.town-kiso.com/"
909, 4, 麻績村, http://www.vill.omi.nagano.jp/"
910, 4, 生坂村, http://www.village.ikusaka.nagano.jp/"
911, 4, 山形村, https://www.vill.yamagata.nagano.jp/"
912, 4, 朝日村, https://www.vill.asahi.nagano.jp/"
913, 4, 筑北村, http://www.vill.chikuhoku.lg.jp/"
914, 3, 池田町, https://www.ikedamachi.net/"
915, 4, 松川村, http://www.vill.matsukawa.nagano.jp/"
916, 4, 白馬村, https://www.vill.hakuba.lg.jp/"
917, 4, 小谷村, https://www.vill.otari.nagano.jp/"
918, 3, 坂城町, https://www.town.sakaki.nagano.jp/"
919, 3, 小布施町, https://www.town.obuse.nagano.jp/"
920, 4, 高山村, https://www.vill.takayama.nagano.jp/"
921, 3, 山ノ内町, http://www.town.yamanouchi.nagano.jp/"
922, 4, 木島平村, http://www.vill.kijimadaira.lg.jp/"
923, 4, 野沢温泉村, http://www.vill.nozawaonsen.nagano.jp/"
924, 3, 信濃町, https://www.town.shinano.lg.jp/"
925, 4, 小川村, http://www.vill.ogawa.nagano.jp/"
926, 3, 飯綱町, https://www.town.iizuna.nagano.jp/"
927, 4, 栄村, http://www.vill.sakae.nagano.jp/"
928, 1, 岐阜県, https://www.pref.gifu.lg.jp/"
929, 岐阜市, https://www.city.gifu.lg.jp/"
930, 大垣市, https://www.city.ogaki.lg.jp/"
931, 高山市, https://www.city.takayama.lg.jp/"
932, 多治見市, https://www.city.tajimi.lg.jp/"
933, 関市, https://www.city.seki.lg.jp/"
934, 中津川市, https://www.city.nakatsugawa.lg.jp/"
935, 美濃市, http://www.city.mino.gifu.jp/"
936, 瑞浪市, https://www.city.mizunami.lg.jp/"
937, 羽島市, https://www.city.hashima.lg.jp/"
938, 恵那市, https://www.city.ena.lg.jp/"
939, 美濃加茂市, http://www.city.minokamo.gifu.jp/"
940, 土岐市, https://www.city.toki.lg.jp/"
941, 各務原市, https://www.city.kakamigahara.lg.jp/"
942, 可児市, https://www.city.kani.lg.jp/"
943, 山県市, https://www.city.yamagata.gifu.jp/"
944, 瑞穂市, https://www.city.mizuho.lg.jp/"
945, 飛騨市, https://www.city.hida.gifu.jp/"
946, 本巣市, https://www.city.motosu.lg.jp/"
947, 郡上市, https://www.city.gujo.gifu.jp/"
948, 下呂市, https://www.city.gero.lg.jp/"
949, 海津市, https://www.city.kaizu.lg.jp/"
950, 3, 岐南町, https://www.town.ginan.lg.jp/"
951, 3, 笠松町, https://www.town.kasamatsu.gifu.jp/"
952, 3, 養老町, https://www.town.yoro.gifu.jp/"
953, 3, 垂井町, http://www.town.tarui.lg.jp/"
954, 3, 関ケ原町, http://www.town.sekigahara.gifu.jp/"
955, 3, 神戸町, https://www.town.godo.gifu.jp/"
956, 3, 輪之内町, http://www.town.wanouchi.gifu.jp/"
957, 3, 安八町, http://www.town.anpachi.gifu.jp/"
958, 3, 揖斐川町, https://www.town.ibigawa.lg.jp/"
959, 3, 大野町, https://www.town-ono.jp/"
960, 3, 池田町, https://www.town.gifu-ikeda.lg.jp/"
961, 3, 北方町, http://www.town.kitagata.gifu.jp/"
962, 3, 坂祝町, https://www.town.sakahogi.gifu.jp/"
963, 3, 富加町, https://www.town.tomika.gifu.jp/"
964, 3, 川辺町, https://www.kawabe-gifu.jp/"
965, 3, 七宗町, https://www.hichiso.jp/"
966, 3, 八百津町, https://www.town.yaotsu.lg.jp/"
967, 3, 白川町, http://www.town.shirakawa.lg.jp/"
968, 4, 東白川村, https://www.vill.higashishirakawa.gifu.jp/"
969, 3, 御嵩町, https://www.town.mitake.lg.jp/"
970, 4, 白川村, http://shirakawa-go.org/"
971, 1, 静岡県, https://www.pref.shizuoka.jp/"
972, 静岡市, https://www.city.shizuoka.lg.jp/"
973, 浜松市, https://www.city.hamamatsu.shizuoka.jp/"
974, 沼津市, https://www.city.numazu.shizuoka.jp/"
975, 熱海市, https://www.city.atami.lg.jp/"
976, 三島市, http://www.city.mishima.shizuoka.jp/"
977, 富士宮市, http://www.city.fujinomiya.lg.jp/"
978, 伊東市, https://www.city.ito.shizuoka.jp/"
979, 島田市, https://www.city.shimada.shizuoka.jp/"
980, 富士市, https://www.city.fuji.shizuoka.jp/"
981, 磐田市, https://www.city.iwata.shizuoka.jp/"
982, 焼津市, http://www.city.yaizu.lg.jp/"
983, 掛川市, https://www.city.kakegawa.shizuoka.jp/"
984, 藤枝市, https://www.city.fujieda.shizuoka.jp/"
985, 御殿場市, https://www.city.gotemba.lg.jp/"
986, 袋井市, https://www.city.fukuroi.shizuoka.jp/"
987, 下田市, https://www.city.shimoda.shizuoka.jp/"
988, 裾野市, https://www.city.susono.shizuoka.jp/"
989, 湖西市, https://www.city.kosai.shizuoka.jp/"
990, 伊豆市, http://www.city.izu.shizuoka.jp/"
991, 御前崎市, https://www.city.omaezaki.shizuoka.jp/"
992, 菊川市, http://www.city.kikugawa.shizuoka.jp/"
993, 伊豆の国市, https://www.city.izunokuni.shizuoka.jp/"
994, 牧之原市, https://www.city.makinohara.shizuoka.jp/"
995, 3, 東伊豆町, https://www.town.higashiizu.shizuoka.jp/"
996, 3, 河津町, https://www.town.kawazu.shizuoka.jp/"
997, 3, 南伊豆町, https://www.town.minamiizu.shizuoka.jp/"
998, 3, 松崎町, https://www.town.matsuzaki.shizuoka.jp/"
999, 3, 西伊豆町, http://www.town.nishiizu.shizuoka.jp/"
1000, 3, 函南町, https://www.town.kannami.shizuoka.jp/"
1001, 3, 清水町, http://www.town.shimizu.shizuoka.jp/"
1002, 3, 長泉町, http://www.town.nagaizumi.lg.jp/"
1003, 3, 小山町, http://www.fuji-oyama.jp/"
1004, 3, 吉田町, http://www.town.yoshida.shizuoka.jp/"
1005, 3, 川根本町, http://www.town.kawanehon.shizuoka.jp/"
1006, 3, 森町, https://www.town.morimachi.shizuoka.jp/"
1007, 1, 愛知県, https://www.pref.aichi.jp/"
1008, 名古屋市, https://www.city.nagoya.jp/"
1009, 豊橋市, https://www.city.toyohashi.lg.jp/"
1010, 岡崎市, https://www.city.okazaki.lg.jp/"
1011, 一宮市, https://www.city.ichinomiya.aichi.jp/"
1012, 瀬戸市, http://www.city.seto.aichi.jp/"
1013, 半田市, https://www.city.handa.lg.jp/"
1014, 春日井市, https://www.city.kasugai.lg.jp/"
1015, 豊川市, http://www.city.toyokawa.lg.jp/"
1016, 津島市, https://www.city.tsushima.lg.jp/"
1017, 碧南市, https://www.city.hekinan.lg.jp/"
1018, 刈谷市, https://www.city.kariya.lg.jp/"
1019, 豊田市, https://www.city.toyota.aichi.jp/"
1020, 安城市, https://www.city.anjo.aichi.jp/"
1021, 西尾市, https://www.city.nishio.aichi.jp/"
1022, 蒲郡市, https://www.city.gamagori.lg.jp/"
1023, 犬山市, https://www.city.inuyama.aichi.jp/"
1024, 常滑市, http://www.city.tokoname.aichi.jp/"
1025, 江南市, https://www.city.konan.lg.jp/"
1026, 小牧市, http://www.city.komaki.aichi.jp/"
1027, 稲沢市, http://www.city.inazawa.aichi.jp/"
1028, 新城市, https://www.city.shinshiro.lg.jp/"
1029, 東海市, http://www.city.tokai.aichi.jp/"
1030, 大府市, https://www.city.obu.aichi.jp/"
1031, 知多市, https://www.city.chita.lg.jp/"
1032, 知立市, https://www.city.chiryu.aichi.jp/"
1033, 尾張旭市, http://www.city.owariasahi.lg.jp/"
1034, 高浜市, https://www.city.takahama.lg.jp/"
1035, 岩倉市, https://www.city.iwakura.aichi.jp/"
1036, 豊明市, https://www.city.toyoake.lg.jp/"
1037, 日進市, https://www.city.nisshin.lg.jp/"
1038, 田原市, http://www.city.tahara.aichi.jp/"
1039, 愛西市, https://www.city.aisai.lg.jp/"
1040, 清須市, http://www.city.kiyosu.aichi.jp/"
1041, 北名古屋市, https://www.city.kitanagoya.lg.jp/"
1042, 弥富市, https://www.city.yatomi.lg.jp/"
1043, みよし市, http://www.city.aichi-miyoshi.lg.jp/"
1044, あま市, https://www.city.ama.aichi.jp/"
1045, 長久手市, https://www.city.nagakute.lg.jp/"
1046, 3, 東郷町, http://www.town.aichi-togo.lg.jp/"
1047, 3, 豊山町, https://www.town.toyoyama.lg.jp/"
1048, 3, 大口町, https://www.town.oguchi.lg.jp/"
1049, 3, 扶桑町, http://www.town.fuso.lg.jp/"
1050, 3, 大治町, https://www.town.oharu.aichi.jp/"
1051, 3, 蟹江町, https://www.town.kanie.aichi.jp/"
1052, 4, 飛島村, https://www.vill.tobishima.aichi.jp/"
1053, 3, 阿久比町, http://www.town.agui.lg.jp/"
1054, 3, 東浦町, https://www.town.aichi-higashiura.lg.jp/"
1055, 3, 南知多町, https://www.town.minamichita.lg.jp/"
1056, 3, 美浜町, https://www.town.aichi-mihama.lg.jp/"
1057, 3, 武豊町, http://www.town.taketoyo.lg.jp/"
1058, 3, 幸田町, https://www.town.kota.lg.jp/"
1059, 3, 設楽町, https://www.town.shitara.lg.jp/"
1060, 3, 東栄町, http://www.town.toei.aichi.jp/"
1061, 4, 豊根村, http://www.vill.toyone.aichi.jp/"
1062, 1, 三重県, https://www.pref.mie.lg.jp/"
1063, 津市, https://www.info.city.tsu.mie.jp/"
1064, 四日市市, https://www.city.yokkaichi.lg.jp/"
1065, 伊勢市, https://www.city.ise.mie.jp/"
1066, 松阪市, https://www.city.matsusaka.mie.jp/"
1067, 桑名市, http://www.city.kuwana.lg.jp/"
1068, 鈴鹿市, https://www.city.suzuka.lg.jp/"
1069, 名張市, https://www.city.nabari.lg.jp/"
1070, 尾鷲市, https://www.city.owase.lg.jp/"
1071, 亀山市, https://www.city.kameyama.mie.jp/"
1072, 鳥羽市, http://www.city.toba.mie.jp/"
1073, 熊野市, https://www.city.kumano.lg.jp/"
1074, いなべ市, https://www.city.inabe.mie.jp/"
1075, 志摩市, https://www.city.shima.mie.jp/"
1076, 伊賀市, https://www.city.iga.lg.jp/"
1077, 3, 木曽岬町, https://www.town.kisosaki.lg.jp/"
1078, 3, 東員町, http://www.town.toin.lg.jp/"
1079, 3, 菰野町, http://www.town.komono.mie.jp/"
1080, 3, 朝日町, http://www.town.asahi.mie.jp/"
1081, 3, 川越町, https://www.town.kawagoe.mie.jp/"
1082, 3, 多気町, https://www.town.taki.mie.jp/"
1083, 3, 明和町, https://www.town.meiwa.mie.jp/"
1084, 3, 大台町, http://www.odaitown.jp/"
1085, 3, 玉城町, https://kizuna.town.tamaki.mie.jp/"
1086, 3, 度会町, http://www.town.watarai.lg.jp/"
1087, 3, 大紀町, http://www.town.taiki.mie.jp/"
1088, 3, 南伊勢町, https://www.town.minamiise.lg.jp/"
1089, 3, 紀北町, https://www.town.mie-kihoku.lg.jp/"
1090, 3, 御浜町, https://www.town.mihama.mie.jp/"
1091, 3, 紀宝町, https://www.town.kiho.lg.jp/"
1092, 1, 滋賀県, https://www.pref.shiga.lg.jp/"
1093, 大津市, https://www.city.otsu.lg.jp/"
1094, 彦根市, https://www.city.hikone.lg.jp/"
1095, 長浜市, https://www.city.nagahama.lg.jp/"
1096, 近江八幡市, https://www.city.omihachiman.lg.jp/"
1097, 草津市, http://www.city.kusatsu.shiga.jp/"
1098, 守山市, http://www.city.moriyama.lg.jp/"
1099, 栗東市, http://www.city.ritto.lg.jp/"
1100, 甲賀市, https://www.city.koka.lg.jp/"
1101, 野洲市, https://www.city.yasu.lg.jp/"
1102, 湖南市, https://www.city.shiga-konan.lg.jp/"
1103, 高島市, http://www.city.takashima.lg.jp/"
1104, 東近江市, http://www.city.higashiomi.shiga.jp/"
1105, 米原市, https://www.city.maibara.lg.jp/"
1106, 3, 日野町, http://www.town.shiga-hino.lg.jp/"
1107, 3, 竜王町, http://www.town.ryuoh.shiga.jp/"
1108, 3, 愛荘町, https://www.town.aisho.shiga.jp/"
1109, 3, 豊郷町, http://www.town.toyosato.shiga.jp/"
1110, 3, 甲良町, http://www.kouratown.jp/"
1111, 3, 多賀町, https://www.town.taga.lg.jp/"
1112, 1, 京都府, https://www.pref.kyoto.jp/"
1113, 京都市, https://www.city.kyoto.lg.jp/"
1114, 福知山市, https://www.city.fukuchiyama.lg.jp/"
1115, 舞鶴市, https://www.city.maizuru.kyoto.jp/"
1116, 綾部市, https://www.city.ayabe.lg.jp/"
1117, 宇治市, https://www.city.uji.kyoto.jp/"
1118, 宮津市, https://www.city.miyazu.kyoto.jp/"
1119, 亀岡市, https://www.city.kameoka.kyoto.jp/"
1120, 城陽市, https://www.city.joyo.kyoto.jp/"
1121, 向日市, https://www.city.muko.kyoto.jp/"
1122, 長岡京市, https://www.city.nagaokakyo.lg.jp/"
1123, 八幡市, http://www.city.yawata.kyoto.jp/"
1124, 京田辺市, http://www.kyotanabe.jp/"
1125, 京丹後市, https://www.city.kyotango.lg.jp/"
1126, 南丹市, https://www.city.nantan.kyoto.jp/www/"
1127, 木津川市, https://www.city.kizugawa.lg.jp/"
1128, 3, 大山崎町, http://www.town.oyamazaki.kyoto.jp/"
1129, 3, 久御山町, http://www.town.kumiyama.lg.jp/"
1130, 3, 井手町, http://www.town.ide.kyoto.jp/"
1131, 3, 宇治田原町, http://www.town.ujitawara.kyoto.jp/"
1132, 3, 笠置町, http://www.town.kasagi.lg.jp/"
1133, 3, 和束町, https://www.town.wazuka.lg.jp/"
1134, 3, 精華町, https://www.town.seika.kyoto.jp/"
1135, 4, 南山城村, http://www.vill.minamiyamashiro.lg.jp/"
1136, 3, 京丹波町, http://www.town.kyotamba.kyoto.jp/"
1137, 3, 伊根町, http://www.town.ine.kyoto.jp/"
1138, 3, 与謝野町, https://www.town.yosano.lg.jp/"
1139, 1, 大阪府, https://www.pref.osaka.lg.jp/"
1140, 大阪市, https://www.city.osaka.lg.jp/"
1141, 堺市, https://www.city.sakai.lg.jp/"
1142, 岸和田市, https://www.city.kishiwada.osaka.jp/"
1143, 豊中市, https://www.city.toyonaka.osaka.jp/"
1144, 池田市, https://www.city.ikeda.osaka.jp/"
1145, 吹田市, https://www.city.suita.osaka.jp/"
1146, 泉大津市, https://www.city.izumiotsu.lg.jp/"
1147, 高槻市, http://www.city.takatsuki.osaka.jp/"
1148, 貝塚市, https://www.city.kaizuka.lg.jp/"
1149, 守口市, http://www.city.moriguchi.osaka.jp/"
1150, 枚方市, https://www.city.hirakata.osaka.jp/"
1151, 茨木市, https://www.city.ibaraki.osaka.jp/"
1152, 八尾市, https://www.city.yao.osaka.jp/"
1153, 泉佐野市, http://www.city.izumisano.lg.jp/"
1154, 富田林市, https://www.city.tondabayashi.lg.jp/"
1155, 寝屋川市, https://www.city.neyagawa.osaka.jp/"
1156, 河内長野市, https://www.city.kawachinagano.lg.jp/"
1157, 松原市, https://www.city.matsubara.lg.jp/"
1158, 大東市, https://www.city.daito.lg.jp/"
1159, 和泉市, https://www.city.osaka-izumi.lg.jp/"
1160, 箕面市, https://www.city.minoh.lg.jp/"
1161, 柏原市, http://www.city.kashiwara.osaka.jp/"
1162, 羽曳野市, https://www.city.habikino.lg.jp/"
1163, 門真市, https://www.city.kadoma.osaka.jp/"
1164, 摂津市, https://www.city.settsu.osaka.jp/"
1165, 高石市, http://www.city.takaishi.lg.jp/"
1166, 藤井寺市, https://www.city.fujiidera.lg.jp/"
1167, 東大阪市, http://www.city.higashiosaka.lg.jp/"
1168, 泉南市, https://www.city.sennan.lg.jp/"
1169, 四條畷市, https://www.city.shijonawate.lg.jp/"
1170, 交野市, https://www.city.katano.osaka.jp/"
1171, 大阪狭山市, http://www.city.osakasayama.osaka.jp/"
1172, 阪南市, https://www.city.hannan.lg.jp/"
1173, 3, 島本町, http://www.shimamotocho.jp/"
1174, 3, 豊能町, http://www.town.toyono.osaka.jp/"
1175, 3, 能勢町, http://www.town.nose.osaka.jp/"
1176, 3, 忠岡町, https://www.town.tadaoka.osaka.jp/"
1177, 3, 熊取町, https://www.town.kumatori.lg.jp/"
1178, 3, 田尻町, http://www.town.tajiri.osaka.jp/"
1179, 3, 岬町, http://www.town.misaki.osaka.jp/"
1180, 3, 太子町, https://www.town.taishi.osaka.jp/"
1181, 3, 河南町, http://www.town.kanan.osaka.jp/"
1182, 4, 千早赤阪村, http://www.vill.chihayaakasaka.osaka.jp/"
1183, 1, 兵庫県, https://web.pref.hyogo.lg.jp/"
1184, 神戸市, https://www.city.kobe.lg.jp/"
1185, 姫路市, https://www.city.himeji.lg.jp/"
1186, 尼崎市, https://www.city.amagasaki.hyogo.jp/"
1187, 明石市, http://www.city.akashi.lg.jp/"
1188, 西宮市, https://www.nishi.or.jp/"
1189, 洲本市, https://www.city.sumoto.lg.jp/"
1190, 芦屋市, https://www.city.ashiya.lg.jp/"
1191, 伊丹市, https://www.city.itami.lg.jp/"
1192, 相生市, http://www.city.aioi.lg.jp/"
1193, 豊岡市, https://www.city.toyooka.lg.jp/"
1194, 加古川市, https://www.city.kakogawa.lg.jp/"
1195, 赤穂市, https://www.city.ako.lg.jp/"
1196, 西脇市, https://www.city.nishiwaki.lg.jp/"
1197, 宝塚市, https://www.city.takarazuka.hyogo.jp/"
1198, 三木市, https://www.city.miki.lg.jp/"
1199, 高砂市, http://www.city.takasago.lg.jp/"
1200, 川西市, https://www.city.kawanishi.hyogo.jp/"
1201, 小野市, https://www.city.ono.hyogo.jp/"
1202, 三田市, https://www.city.sanda.lg.jp/"
1203, 加西市, https://www.city.kasai.hyogo.jp/"
1204, 丹波篠山市, https://www.city.tambasasayama.lg.jp/"
1205, 養父市, https://www.city.yabu.hyogo.jp/"
1206, 丹波市, https://www.city.tamba.lg.jp/"
1207, 南あわじ市, http://www.city.minamiawaji.hyogo.jp/"
1208, 朝来市, http://www.city.asago.hyogo.jp/"
1209, 淡路市, https://www.city.awaji.lg.jp/"
1210, 宍粟市, https://www.city.shiso.lg.jp/"
1211, 加東市, https://www.city.kato.lg.jp/"
1212, たつの市, https://www.city.tatsuno.lg.jp/"
1213, 3, 猪名川町, https://www.town.inagawa.lg.jp/"
1214, 3, 多可町, https://www.town.taka.lg.jp/"
1215, 3, 稲美町, https://www.town.hyogo-inami.lg.jp/"
1216, 3, 播磨町, http://www.town.harima.lg.jp/"
1217, 3, 市川町, https://www.town.ichikawa.lg.jp/"
1218, 3, 福崎町, http://www.town.fukusaki.hyogo.jp/"
1219, 3, 神河町, http://www.town.kamikawa.hyogo.jp/"
1220, 3, 太子町, http://www.town.hyogo-taishi.lg.jp/"
1221, 3, 上郡町, http://www.town.kamigori.hyogo.jp/"
1222, 3, 佐用町, http://www.town.sayo.lg.jp/"
1223, 3, 香美町, https://www.town.mikata-kami.lg.jp/"
1224, 3, 新温泉町, https://www.town.shinonsen.hyogo.jp/"
1225, 1, 奈良県, https://www.pref.nara.jp/"
1226, 奈良市, https://www.city.nara.lg.jp/"
1227, 大和高田市, http://www.city.yamatotakada.nara.jp/"
1228, 大和郡山市, https://www.city.yamatokoriyama.lg.jp/"
1229, 天理市, https://www.city.tenri.nara.jp/"
1230, 橿原市, https://www.city.kashihara.nara.jp/"
1231, 桜井市, https://www.city.sakurai.lg.jp/"
1232, 五條市, https://www.city.gojo.lg.jp/"
1233, 御所市, http://www.city.gose.nara.jp/"
1234, 生駒市, https://www.city.ikoma.lg.jp/"
1235, 香芝市, http://www.city.kashiba.lg.jp/"
1236, 葛城市, https://www.city.katsuragi.nara.jp/"
1237, 宇陀市, http://www.city.uda.nara.jp/"
1238, 4, 山添村, https://www.vill.yamazoe.nara.jp/"
1239, 3, 平群町, https://www.town.heguri.nara.jp/"
1240, 3, 三郷町, http://www.town.sango.nara.jp/"
1241, 3, 斑鳩町, http://www.town.ikaruga.nara.jp/"
1242, 3, 安堵町, http://www.town.ando.nara.jp/"
1243, 3, 川西町, https://www.town.nara-kawanishi.lg.jp/"
1244, 3, 三宅町, https://www.town.miyake.lg.jp/"
1245, 3, 田原本町, http://www.town.tawaramoto.nara.jp/"
1246, 4, 曽爾村, https://www.vill.soni.nara.jp/"
1247, 4, 御杖村, https://www.vill.mitsue.nara.jp/"
1248, 3, 高取町, http://www.town.takatori.nara.jp/"
1249, 4, 明日香村, https://asukamura.jp/"
1250, 3, 上牧町, http://www.town.kanmaki.nara.jp/"
1251, 3, 王寺町, https://www.town.oji.nara.jp/"
1252, 3, 広陵町, http://www.town.koryo.nara.jp/"
1253, 3, 河合町, http://www.town.kawai.nara.jp/"
1254, 3, 吉野町, http://www.town.yoshino.nara.jp/"
1255, 3, 大淀町, http://www.town.oyodo.lg.jp/"
1256, 3, 下市町, https://www.town.shimoichi.lg.jp/"
1257, 4, 黒滝村, https://www.vill.kurotaki.nara.jp/"
1258, 4, 天川村, http://www.vill.tenkawa.nara.jp/"
1259, 4, 野迫川村, https://www.vill.nosegawa.nara.jp/"
1260, 4, 十津川村, https://www.vill.totsukawa.lg.jp/"
1261, 4, 下北山村, http://www.vill.shimokitayama.nara.jp/"
1262, 4, 上北山村, http://www.vill.kamikitayama.nara.jp/"
1263, 4, 川上村, http://www.vill.kawakami.nara.jp/"
1264, 4, 東吉野村, http://www.vill.higashiyoshino.nara.jp/"
1265, 1, 和歌山県, https://www.pref.wakayama.lg.jp/"
1266, 和歌山市, http://www.city.wakayama.wakayama.jp/"
1267, 海南市, https://www.city.kainan.lg.jp/"
1268, 橋本市, http://www.city.hashimoto.lg.jp/"
1269, 有田市, https://www.city.arida.lg.jp/"
1270, 御坊市, http://www.city.gobo.wakayama.jp/"
1271, 田辺市, http://www.city.tanabe.lg.jp/"
1272, 新宮市, https://www.city.shingu.lg.jp/"
1273, 紀の川市, https://www.city.kinokawa.lg.jp/"
1274, 岩出市, https://www.city.iwade.lg.jp/"
1275, 3, 紀美野町, http://www.town.kimino.wakayama.jp/"
1276, 3, かつらぎ町, https://www.town.katsuragi.wakayama.jp/"
1277, 3, 九度山町, https://www.town.kudoyama.wakayama.jp/"
1278, 3, 高野町, http://www.town.koya.wakayama.jp/"
1279, 3, 湯浅町, http://www.town.yuasa.wakayama.jp/"
1280, 3, 広川町, https://www.town.hirogawa.wakayama.jp/"
1281, 3, 有田川町, https://www.town.aridagawa.lg.jp/"
1282, 3, 美浜町, http://www.town.mihama.wakayama.jp/"
1283, 3, 日高町, http://www.town.wakayama-hidaka.lg.jp/"
1284, 3, 由良町, http://www.town.yura.wakayama.jp/"
1285, 3, 印南町, http://www.town.wakayama-inami.lg.jp/"
1286, 3, みなべ町, http://www.town.minabe.lg.jp/"
1287, 3, 日高川町, http://www.town.hidakagawa.lg.jp/"
1288, 3, 白浜町, http://www.town.shirahama.wakayama.jp/"
1289, 3, 上富田町, http://www.town.kamitonda.lg.jp/"
1290, 3, すさみ町, http://www.town.susami.lg.jp/"
1291, 3, 那智勝浦町, https://www.town.nachikatsuura.wakayama.jp/"
1292, 3, 太地町, https://www.town.taiji.wakayama.jp/"
1293, 3, 古座川町, http://www.town.kozagawa.wakayama.jp/"
1294, 4, 北山村, http://www.vill.kitayama.wakayama.jp/"
1295, 3, 串本町, https://www.town.kushimoto.wakayama.jp/"
1296, 1, 鳥取県, https://www.pref.tottori.lg.jp/"
1297, 鳥取市, https://www.city.tottori.lg.jp/"
1298, 米子市, https://www.city.yonago.lg.jp/"
1299, 倉吉市, https://www.city.kurayoshi.lg.jp/"
1300, 境港市, https://www.city.sakaiminato.lg.jp/"
1301, 3, 岩美町, http://www.iwami.gr.jp/"
1302, 3, 若桜町, http://www.town.wakasa.tottori.jp/"
1303, 3, 智頭町, https://www1.town.chizu.tottori.jp/"
1304, 3, 八頭町, http://www.town.yazu.tottori.jp/"
1305, 3, 三朝町, http://www.town.misasa.tottori.jp/"
1306, 3, 湯梨浜町, https://www.yurihama.jp/"
1307, 3, 琴浦町, http://www.town.kotoura.tottori.jp/"
1308, 3, 北栄町, http://www.e-hokuei.net/"
1309, 4, 日吉津村, http://www.hiezu.jp/"
1310, 3, 大山町, https://www.daisen.jp/"
1311, 3, 南部町, https://www.town.nanbu.tottori.jp/"
1312, 3, 伯耆町, https://www.houki-town.jp/"
1313, 3, 日南町, https://www.town.nichinan.lg.jp/"
1314, 3, 日野町, https://www.town.hino.tottori.jp/"
1315, 3, 江府町, https://www.town-kofu.jp/"
1316, 1, 島根県, https://www.pref.shimane.lg.jp/"
1317, 松江市, https://www.city.matsue.shimane.jp/"
1318, 浜田市, https://www.city.hamada.shimane.jp/"
1319, 出雲市, https://www.city.izumo.shimane.jp/"
1320, 益田市, https://www.city.masuda.lg.jp/"
1321, 大田市, https://www.city.ohda.lg.jp/"
1322, 安来市, https://www.city.yasugi.shimane.jp/"
1323, 江津市, https://www.city.gotsu.lg.jp/"
1324, 雲南市, https://www.city.unnan.shimane.jp/"
1325, 3, 奥出雲町, https://www.town.okuizumo.shimane.jp/"
1326, 3, 飯南町, http://www.iinan.jp/"
1327, 3, 川本町, https://www.town.shimane-kawamoto.lg.jp/"
1328, 3, 美郷町, https://www.town.shimane-misato.lg.jp/"
1329, 3, 邑南町, https://www.town.ohnan.lg.jp/"
1330, 3, 津和野町, http://www.town.tsuwano.lg.jp/"
1331, 3, 吉賀町, https://www.town.yoshika.lg.jp/"
1332, 3, 海士町, http://www.town.ama.shimane.jp/"
1333, 3, 西ノ島町, http://www.town.nishinoshima.shimane.jp/"
1334, 4, 知夫村, http://www.vill.chibu.lg.jp/"
1335, 3, 隠岐の島町, https://www.town.okinoshima.shimane.jp/"
1336, 1, 岡山県, https://www.pref.okayama.jp/"
1337, 岡山市, https://www.city.okayama.jp/"
1338, 倉敷市, https://www.city.kurashiki.okayama.jp/"
1339, 津山市, https://www.city.tsuyama.lg.jp/"
1340, 玉野市, https://www.city.tamano.lg.jp/"
1341, 笠岡市, https://www.city.kasaoka.okayama.jp/"
1342, 井原市, http://www.city.ibara.okayama.jp/"
1343, 総社市, https://www.city.soja.okayama.jp/"
1344, 高梁市, https://www.city.takahashi.lg.jp/"
1345, 新見市, https://www.city.niimi.okayama.jp/"
1346, 備前市, https://www.city.bizen.okayama.jp/"
1347, 瀬戸内市, https://www.city.setouchi.lg.jp/"
1348, 赤磐市, https://www.city.akaiwa.lg.jp/"
1349, 真庭市, https://www.city.maniwa.lg.jp/"
1350, 美作市, http://www.city.mimasaka.lg.jp/"
1351, 浅口市, https://www.city.asakuchi.lg.jp/"
1352, 3, 和気町, https://www.town.wake.lg.jp/"
1353, 3, 早島町, http://www.town.hayashima.lg.jp/"
1354, 3, 里庄町, http://www.town.satosho.okayama.jp/"
1355, 3, 矢掛町, http://www.town.yakage.okayama.jp/"
1356, 4, 新庄村, http://www.vill.shinjo.okayama.jp/"
1357, 3, 鏡野町, http://www.town.kagamino.lg.jp/"
1358, 3, 勝央町, http://www.town.shoo.lg.jp/"
1359, 3, 奈義町, https://www.town.nagi.okayama.jp/"
1360, 4, 西粟倉村, http://www.vill.nishiawakura.okayama.jp/"
1361, 3, 久米南町, https://www.town.kumenan.lg.jp/"
1362, 3, 美咲町, http://www.town.misaki.okayama.jp/"
1363, 3, 吉備中央町, http://www.town.kibichuo.lg.jp/"
1364, 1, 広島県, https://www.pref.hiroshima.lg.jp/"
1365, 広島市, https://www.city.hiroshima.lg.jp/"
1366, 呉市, https://www.city.kure.lg.jp/"
1367, 竹原市, https://www.city.takehara.lg.jp/"
1368, 三原市, https://www.city.mihara.hiroshima.jp/"
1369, 尾道市, https://www.city.onomichi.hiroshima.jp/"
1370, 福山市, https://www.city.fukuyama.hiroshima.jp/"
1371, 府中市, https://www.city.fuchu.hiroshima.jp/"
1372, 三次市, https://www.city.miyoshi.hiroshima.jp/"
1373, 庄原市, http://www.city.shobara.hiroshima.jp/"
1374, 大竹市, http://www.city.otake.hiroshima.jp/"
1375, 東広島市, https://www.city.higashihiroshima.lg.jp/"
1376, 廿日市市, https://www.city.hatsukaichi.hiroshima.jp/"
1377, 安芸高田市, https://www.akitakata.jp/"
1378, 江田島市, https://www.city.etajima.hiroshima.jp/"
1379, 3, 府中町, https://www.town.fuchu.hiroshima.jp/"
1380, 3, 海田町, https://www.town.kaita.lg.jp/"
1381, 3, 熊野町, https://www.town.kumano.hiroshima.jp/"
1382, 3, 坂町, https://www.town.saka.lg.jp/"
1383, 3, 安芸太田町, https://www.akiota.jp/"
1384, 3, 北広島町, https://www.town.kitahiroshima.lg.jp/"
1385, 3, 大崎上島町, https://www.town.osakikamijima.hiroshima.jp/"
1386, 3, 世羅町, https://www.town.sera.hiroshima.jp/"
1387, 3, 神石高原町, http://www.jinsekigun.jp/"
1388, 1, 山口県, https://www.pref.yamaguchi.lg.jp/"
1389, 下関市, http://www.city.shimonoseki.lg.jp/"
1390, 宇部市, https://www.city.ube.yamaguchi.jp/"
1391, 山口市, https://www.city.yamaguchi.lg.jp/"
1392, 萩市, https://www.city.hagi.lg.jp/"
1393, 防府市, https://www.city.hofu.yamaguchi.jp/"
1394, 下松市, https://www.city.kudamatsu.lg.jp/"
1395, 岩国市, https://www.city.iwakuni.lg.jp/"
1396, 光市, https://www.city.hikari.lg.jp/"
1397, 長門市, https://www.city.nagato.yamaguchi.jp/"
1398, 柳井市, https://www.city-yanai.jp/"
1399, 美祢市, https://www2.city.mine.lg.jp/"
1400, 周南市, http://www.city.shunan.lg.jp/"
1401, 山陽小野田市, https://www.city.sanyo-onoda.lg.jp/"
1402, 3, 周防大島町, https://www.town.suo-oshima.lg.jp/"
1403, 3, 和木町, https://www.town.waki.lg.jp/"
1404, 3, 上関町, https://www.town.kaminoseki.lg.jp/"
1405, 3, 田布施町, https://www.town.tabuse.lg.jp/"
1406, 3, 平生町, http://www.town.hirao.lg.jp/"
1407, 3, 阿武町, http://www.town.abu.lg.jp/"
1408, 1, 徳島県, https://www.pref.tokushima.lg.jp/"
1409, 徳島市, http://www.city.tokushima.tokushima.jp/"
1410, 鳴門市, https://www.city.naruto.tokushima.jp/"
1411, 小松島市, https://www.city.komatsushima.lg.jp/"
1412, 阿南市, https://www.city.anan.tokushima.jp/"
1413, 吉野川市, https://www.city.yoshinogawa.lg.jp/"
1414, 阿波市, https://www.city.awa.lg.jp/"
1415, 美馬市, https://www.city.mima.lg.jp/"
1416, 三好市, https://www.miyoshi.i-tokushima.jp/"
1417, 3, 勝浦町, http://www.town.katsuura.lg.jp/"
1418, 3, 上勝町, http://www.kamikatsu.jp/"
1419, 4, 佐那河内村, https://www.vill.sanagochi.lg.jp/"
1420, 3, 石井町, https://www.town.ishii.lg.jp/"
1421, 3, 神山町, https://www.town.kamiyama.lg.jp/"
1422, 3, 那賀町, https://www.town.tokushima-naka.lg.jp/"
1423, 3, 牟岐町, https://www.town.tokushima-mugi.lg.jp/"
1424, 3, 美波町, https://www.town.minami.lg.jp/"
1425, 3, 海陽町, https://www.town.kaiyo.lg.jp/"
1426, 3, 松茂町, https://www.town.matsushige.tokushima.jp/"
1427, 3, 北島町, https://www.town.kitajima.lg.jp/"
1428, 3, 藍住町, https://www.town.aizumi.lg.jp/"
1429, 3, 板野町, http://www.town.itano.tokushima.jp/"
1430, 3, 上板町, https://www.townkamiita.jp/"
1431, 3, つるぎ町, https://www.town.tokushima-tsurugi.lg.jp/"
1432, 3, 東みよし町, https://www.town.higashimiyoshi.lg.jp/"
1433, 1, 香川県, https://www.pref.kagawa.lg.jp/"
1434, 高松市, https://www.city.takamatsu.kagawa.jp/"
1435, 丸亀市, https://www.city.marugame.lg.jp/"
1436, 坂出市, https://www.city.sakaide.lg.jp/"
1437, 善通寺市, https://www.city.zentsuji.kagawa.jp/"
1438, 観音寺市, https://www.city.kanonji.kagawa.jp/"
1439, さぬき市, https://www.city.sanuki.kagawa.jp/"
1440, 東かがわ市, https://www.higashikagawa.jp/"
1441, 三豊市, https://www.city.mitoyo.lg.jp/"
1442, 3, 土庄町, https://www.town.tonosho.kagawa.jp/"
1443, 3, 小豆島町, https://www.town.shodoshima.lg.jp/"
1444, 3, 三木町, https://www.town.miki.lg.jp/"
1445, 3, 直島町, https://www.town.naoshima.lg.jp/"
1446, 3, 宇多津町, https://www.town.utazu.lg.jp/"
1447, 3, 綾川町, https://www.town.ayagawa.lg.jp/"
1448, 3, 琴平町, https://www.town.kotohira.kagawa.jp/"
1449, 3, 多度津町, https://www.town.tadotsu.kagawa.jp/"
1450, 3, まんのう町, https://www.town.manno.lg.jp/"
1451, 1, 愛媛県, https://www.pref.ehime.jp/"
1452, 松山市, https://www.city.matsuyama.ehime.jp/"
1453, 今治市, https://www.city.imabari.ehime.jp/"
1454, 宇和島市, https://www.city.uwajima.ehime.jp/"
1455, 八幡浜市, http://www.city.yawatahama.ehime.jp/"
1456, 新居浜市, https://www.city.niihama.lg.jp/"
1457, 西条市, https://www.city.saijo.ehime.jp/"
1458, 大洲市, https://www.city.ozu.ehime.jp/"
1459, 伊予市, https://www.city.iyo.lg.jp/"
1460, 四国中央市, https://www.city.shikokuchuo.ehime.jp/"
1461, 西予市, https://www.city.seiyo.ehime.jp/"
1462, 東温市, https://www.city.toon.ehime.jp/"
1463, 3, 上島町, https://www.town.kamijima.lg.jp/"
1464, 3, 久万高原町, https://www.kumakogen.jp/"
1465, 3, 松前町, https://www.town.masaki.ehime.jp/"
1466, 3, 砥部町, https://www.town.tobe.ehime.jp/"
1467, 3, 内子町, https://www.town.uchiko.ehime.jp/"
1468, 3, 伊方町, https://www.town.ikata.ehime.jp/"
1469, 3, 松野町, http://www.town.matsuno.ehime.jp/"
1470, 3, 鬼北町, https://www.town.kihoku.ehime.jp/"
1471, 3, 愛南町, https://www.town.ainan.ehime.jp/"
1472, 1, 高知県, https://www.pref.kochi.lg.jp/"
1473, 高知市, https://www.city.kochi.kochi.jp/"
1474, 室戸市, https://www.city.muroto.kochi.jp/"
1475, 安芸市, https://www.city.aki.kochi.jp/"
1476, 南国市, https://www.city.nankoku.lg.jp/"
1477, 土佐市, https://www.city.tosa.lg.jp/"
1478, 須崎市, https://www.city.susaki.lg.jp/"
1479, 宿毛市, https://www.city.sukumo.kochi.jp/"
1480, 土佐清水市, https://www.city.tosashimizu.kochi.jp/"
1481, 四万十市, https://www.city.shimanto.lg.jp/"
1482, 香南市, https://www.city.kochi-konan.lg.jp/"
1483, 香美市, https://www.city.kami.lg.jp/"
1484, 3, 東洋町, http://www.town.toyo.kochi.jp/"
1485, 3, 奈半利町, http://www.town.nahari.kochi.jp/"
1486, 3, 田野町, https://tanocho.jp/"
1487, 3, 安田町, https://www.town.yasuda.kochi.jp/"
1488, 4, 北川村, http://www.kitagawamura.jp/"
1489, 4, 馬路村, http://www.vill.umaji.kochi.jp/html/index.htm"
1490, 4, 芸西村, http://www.vill.geisei.kochi.jp/"
1491, 3, 本山町, http://www.town.motoyama.kochi.jp/"
1492, 3, 大豊町, http://www.town.otoyo.kochi.jp/"
1493, 3, 土佐町, http://www.town.tosa.kochi.jp/"
1494, 4, 大川村, http://www.vill.okawa.kochi.jp/"
1495, 3, いの町, http://www.town.ino.kochi.jp/"
1496, 3, 仁淀川町, https://www.town.niyodogawa.lg.jp/"
1497, 3, 中土佐町, https://www.town.nakatosa.lg.jp/"
1498, 3, 佐川町, https://www.town.sakawa.lg.jp/"
1499, 3, 越知町, http://www.town.ochi.kochi.jp/"
1500, 3, 梼原町, http://www.town.yusuhara.kochi.jp/"
1501, 4, 日高村, https://www.vill.hidaka.kochi.jp/"
1502, 3, 津野町, https://town.kochi-tsuno.lg.jp/"
1503, 3, 四万十町, https://www.town.shimanto.lg.jp/"
1504, 3, 大月町, https://www.town.otsuki.kochi.jp/"
1505, 4, 三原村, http://www.vill.mihara.kochi.jp/"
1506, 3, 黒潮町, https://www.town.kuroshio.lg.jp/"
1507, 1, 福岡県, https://www.pref.fukuoka.lg.jp/"
1508, 北九州市, https://www.city.kitakyushu.lg.jp/"
1509, 福岡市, https://www.city.fukuoka.lg.jp/"
1510, 大牟田市, https://www.city.omuta.lg.jp/"
1511, 久留米市, http://www.city.kurume.fukuoka.jp/"
1512, 直方市, https://www.city.nogata.fukuoka.jp/"
1513, 飯塚市, https://www.city.iizuka.lg.jp/"
1514, 田川市, https://www.joho.tagawa.fukuoka.jp/"
1515, 柳川市, https://www.city.yanagawa.fukuoka.jp/"
1516, 八女市, https://www.city.yame.fukuoka.jp/"
1517, 筑後市, https://www.city.chikugo.lg.jp/"
1518, 大川市, https://www.city.okawa.lg.jp/"
1519, 行橋市, http://www.city.yukuhashi.fukuoka.jp/"
1520, 豊前市, http://www.city.buzen.lg.jp/"
1521, 中間市, http://www.city.nakama.lg.jp/"
1522, 小郡市, https://www.city.ogori.fukuoka.jp/"
1523, 筑紫野市, https://www.city.chikushino.fukuoka.jp/"
1524, 春日市, https://www.city.kasuga.fukuoka.jp/"
1525, 大野城市, http://www.city.onojo.fukuoka.jp/"
1526, 宗像市, https://www.city.munakata.lg.jp/"
1527, 太宰府市, https://www.city.dazaifu.lg.jp/"
1528, 古賀市, https://www.city.koga.fukuoka.jp/"
1529, 福津市, https://www.city.fukutsu.lg.jp/"
1530, うきは市, http://www.city.ukiha.fukuoka.jp/"
1531, 宮若市, https://www.city.miyawaka.lg.jp/"
1532, 嘉麻市, https://www.city.kama.lg.jp/"
1533, 朝倉市, https://www.city.asakura.lg.jp/"
1534, みやま市, https://www.city.miyama.lg.jp/"
1535, 糸島市, https://www.city.itoshima.lg.jp/"
1536, 那珂川市, https://www.city.nakagawa.lg.jp/"
1537, 3, 宇美町, https://www.town.umi.lg.jp/"
1538, 3, 篠栗町, https://www.town.sasaguri.fukuoka.jp/"
1539, 3, 志免町, http://www.town.shime.lg.jp/"
1540, 3, 須恵町, http://www.town.sue.fukuoka.jp/"
1541, 3, 新宮町, https://www.town.shingu.fukuoka.jp/"
1542, 3, 久山町, http://www.town.hisayama.fukuoka.jp/"
1543, 3, 粕屋町, https://www.town.kasuya.fukuoka.jp/"
1544, 3, 芦屋町, https://www.town.ashiya.lg.jp/"
1545, 3, 水巻町, https://www.town.mizumaki.lg.jp/"
1546, 3, 岡垣町, http://www.town.okagaki.lg.jp/"
1547, 3, 遠賀町, http://www.town.onga.lg.jp/"
1548, 3, 小竹町, https://town.kotake.lg.jp/"
1549, 3, 鞍手町, https://www.town.kurate.lg.jp/"
1550, 3, 桂川町, http://www.town.keisen.fukuoka.jp/"
1551, 3, 筑前町, https://www.town.chikuzen.fukuoka.jp/"
1552, 4, 東峰村, http://vill.toho-info.com/"
1553, 3, 大刀洗町, http://www.town.tachiarai.fukuoka.jp/"
1554, 3, 大木町, https://www.town.ooki.lg.jp/"
1555, 3, 広川町, https://www.town.hirokawa.fukuoka.jp/"
1556, 3, 香春町, https://www.town.kawara.fukuoka.jp/"
1557, 3, 添田町, https://www.town.soeda.fukuoka.jp/"
1558, 3, 糸田町, http://www.town.itoda.lg.jp/"
1559, 3, 川崎町, https://www.town-kawasaki.com/"
1560, 3, 大任町, http://www.town.oto.fukuoka.jp/"
1561, 4, 赤村, http://www.akamura.net/"
1562, 3, 福智町, http://www.town.fukuchi.lg.jp/"
1563, 3, 苅田町, https://www.town.kanda.lg.jp/"
1564, 3, みやこ町, http://www.town.miyako.lg.jp/"
1565, 3, 吉富町, http://www.town.yoshitomi.lg.jp/"
1566, 3, 上毛町, https://www.town.koge.lg.jp/"
1567, 3, 築上町, https://www.town.chikujo.fukuoka.jp/"
1568, 1, 佐賀県, https://www.pref.saga.lg.jp/"
1569, 佐賀市, https://www.city.saga.lg.jp/"
1570, 唐津市, https://www.city.karatsu.lg.jp/"
1571, 鳥栖市, https://www.city.tosu.lg.jp/"
1572, 多久市, https://www.city.taku.lg.jp/"
1573, 伊万里市, https://www.city.imari.saga.jp/"
1574, 武雄市, http://www.city.takeo.lg.jp/"
1575, 鹿島市, https://www.city.saga-kashima.lg.jp/"
1576, 小城市, https://www.city.ogi.lg.jp/"
1577, 嬉野市, https://www.city.ureshino.lg.jp/"
1578, 神埼市, https://www.city.kanzaki.saga.jp/"
1579, 3, 吉野ヶ里町, https://www.town.yoshinogari.lg.jp/"
1580, 3, 基山町, https://www.town.kiyama.lg.jp/"
1581, 3, 上峰町, https://www.town.kamimine.lg.jp/"
1582, 3, みやき町, https://www.town.miyaki.lg.jp/"
1583, 3, 玄海町, https://www.town.genkai.lg.jp/"
1584, 3, 有田町, https://www.town.arita.lg.jp/"
1585, 3, 大町町, http://www.town.omachi.saga.jp/"
1586, 3, 江北町, https://www.town.kouhoku.saga.jp/"
1587, 3, 白石町, https://www.town.shiroishi.lg.jp/"
1588, 3, 太良町, https://www.town.tara.lg.jp/"
1589, 1, 長崎県, https://www.pref.nagasaki.jp/"
1590, 長崎市, https://www.city.nagasaki.lg.jp/"
1591, 佐世保市, https://www.city.sasebo.lg.jp/"
1592, 島原市, https://www.city.shimabara.lg.jp/"
1593, 諫早市, https://www.city.isahaya.nagasaki.jp/"
1594, 大村市, https://www.city.omura.nagasaki.jp/"
1595, 平戸市, https://www.city.hirado.nagasaki.jp/"
1596, 松浦市, https://www.city-matsuura.jp/"
1597, 対馬市, https://www.city.tsushima.nagasaki.jp/"
1598, 壱岐市, https://www.city.iki.nagasaki.jp/"
1599, 五島市, https://www.city.goto.nagasaki.jp/"
1600, 西海市, https://www.city.saikai.nagasaki.jp/"
1601, 雲仙市, http://www.city.unzen.nagasaki.jp/"
1602, 南島原市, https://www.city.minamishimabara.lg.jp/"
1603, 3, 長与町, https://webtown.nagayo.jp/"
1604, 3, 時津町, https://www.town.togitsu.nagasaki.jp/"
1605, 3, 東彼杵町, https://www.town.higashisonogi.lg.jp/"
1606, 3, 川棚町, http://www.kawatana.jp/"
1607, 3, 波佐見町, https://www.town.hasami.lg.jp/"
1608, 3, 小値賀町, http://ojika.net/"
1609, 3, 佐々町, https://www.sazacho-nagasaki.jp/"
1610, 3, 新上五島町, https://official.shinkamigoto.net/"
1611, 1, 熊本県, https://www.pref.kumamoto.jp/"
1612, 熊本市, https://www.city.kumamoto.jp/"
1613, 八代市, http://www.city.yatsushiro.lg.jp/"
1614, 人吉市, https://www.city.hitoyoshi.lg.jp/"
1615, 荒尾市, https://www.city.arao.lg.jp/"
1616, 水俣市, https://www.city.minamata.lg.jp/"
1617, 玉名市, https://www.city.tamana.lg.jp/"
1618, 山鹿市, https://www.city.yamaga.kumamoto.jp/"
1619, 菊池市, https://www.city.kikuchi.lg.jp/"
1620, 宇土市, https://www.city.uto.lg.jp/"
1621, 上天草市, https://www.city.kamiamakusa.kumamoto.jp/"
1622, 宇城市, https://www.city.uki.kumamoto.jp/"
1623, 阿蘇市, http://www.city.aso.kumamoto.jp/"
1624, 天草市, https://www.city.amakusa.kumamoto.jp/"
1625, 合志市, https://www.city.koshi.lg.jp/"
1626, 3, 美里町, https://www.town.kumamoto-misato.lg.jp/"
1627, 3, 玉東町, http://www.town.gyokuto.kumamoto.jp/"
1628, 3, 南関町, https://www.town.nankan.lg.jp/"
1629, 3, 長洲町, https://www.town.nagasu.lg.jp/"
1630, 3, 和水町, https://www.town.nagomi.lg.jp/"
1631, 3, 大津町, https://www.town.ozu.kumamoto.jp/"
1632, 3, 菊陽町, https://www.town.kikuyo.lg.jp/"
1633, 3, 南小国町, https://www.town.minamioguni.lg.jp/"
1634, 3, 小国町, https://www.town.kumamoto-oguni.lg.jp/"
1635, 4, 産山村, http://www.ubuyama-v.jp/"
1636, 3, 高森町, http://www.town.takamori.kumamoto.jp/"
1637, 4, 西原村, https://www.vill.nishihara.kumamoto.jp/"
1638, 4, 南阿蘇村, https://www.vill.minamiaso.lg.jp/"
1639, 3, 御船町, https://www.town.mifune.kumamoto.jp/"
1640, 3, 嘉島町, https://www.town.kumamoto-kashima.lg.jp/"
1641, 3, 益城町, https://www.town.mashiki.lg.jp/"
1642, 3, 甲佐町, https://www.town.kosa.lg.jp/"
1643, 3, 山都町, https://www.town.kumamoto-yamato.lg.jp/"
1644, 3, 氷川町, https://www.town.hikawa.kumamoto.jp/"
1645, 3, 芦北町, http://www.ashikita-t.kumamoto-sgn.jp/"
1646, 3, 津奈木町, http://www.town.tsunagi.lg.jp/"
1647, 3, 錦町, http://www.nishiki-machi.com/"
1648, 3, 多良木町, https://www.town.taragi.lg.jp/"
1649, 3, 湯前町, https://www.town.yunomae.lg.jp/"
1650, 4, 水上村, https://www.vill.mizukami.lg.jp/"
1651, 4, 相良村, https://www.vill.sagara.lg.jp/"
1652, 4, 五木村, https://www.vill.itsuki.lg.jp/"
1653, 4, 山江村, https://www.vill.yamae.lg.jp/"
1654, 4, 球磨村, http://www.kumamura.com/"
1655, 3, あさぎり町, https://www.town.asagiri.lg.jp/"
1656, 3, 苓北町, https://reihoku-kumamoto.jp/"
1657, 1, 大分県, https://www.pref.oita.jp/"
1658, 大分市, https://www.city.oita.oita.jp/"
1659, 別府市, https://www.city.beppu.oita.jp/"
1660, 中津市, https://www.city-nakatsu.jp/"
1661, 日田市, https://www.city.hita.oita.jp/"
1662, 佐伯市, https://www.city.saiki.oita.jp/"
1663, 臼杵市, https://www.city.usuki.oita.jp/"
1664, 津久見市, https://www.city.tsukumi.oita.jp/"
1665, 竹田市, https://www.city.taketa.oita.jp/"
1666, 豊後高田市, https://www.city.bungotakada.oita.jp/"
1667, 杵築市, http://www.city.kitsuki.lg.jp/"
1668, 宇佐市, https://www.city.usa.oita.jp/"
1669, 豊後大野市, https://www.bungo-ohno.jp/"
1670, 由布市, http://www.city.yufu.oita.jp/"
1671, 国東市, https://www.city.kunisaki.oita.jp/"
1672, 4, 姫島村, https://www.himeshima.jp/"
1673, 3, 日出町, https://www.town.hiji.lg.jp/"
1674, 3, 九重町, https://www.town.kokonoe.oita.jp/"
1675, 3, 玖珠町, https://www.town.kusu.oita.jp/"
1676, 1, 宮崎県, https://www.pref.miyazaki.lg.jp/"
1677, 宮崎市, https://www.city.miyazaki.miyazaki.jp/"
1678, 都城市, https://www.city.miyakonojo.miyazaki.jp/"
1679, 延岡市, http://www.city.nobeoka.miyazaki.jp/"
1680, 日南市, https://www.city.nichinan.lg.jp/"
1681, 小林市, http://www.city.kobayashi.lg.jp/"
1682, 日向市, https://www.hyugacity.jp/"
1683, 串間市, https://www.city.kushima.lg.jp/"
1684, 西都市, https://www.city.saito.lg.jp/"
1685, えびの市, https://www.city.ebino.lg.jp/"
1686, 3, 三股町, https://www.town.mimata.lg.jp/"
1687, 3, 高原町, https://www.town.takaharu.lg.jp/"
1688, 3, 国富町, http://www.town.kunitomi.miyazaki.jp/"
1689, 3, 綾町, https://www.town.aya.miyazaki.jp/"
1690, 3, 高鍋町, http://www.town.takanabe.lg.jp/"
1691, 3, 新富町, http://www.town.shintomi.lg.jp/"
1692, 4, 西米良村, http://www.vill.nishimera.lg.jp/"
1693, 3, 木城町, http://www.town.kijo.lg.jp/"
1694, 3, 川南町, https://www.town.kawaminami.miyazaki.jp/"
1695, 3, 都農町, https://www.town.tsuno.lg.jp/"
1696, 3, 門川町, http://www.town.kadogawa.lg.jp/"
1697, 4, 諸塚村, https://www.vill.morotsuka.miyazaki.jp/"
1698, 4, 椎葉村, http://www.vill.shiiba.miyazaki.jp/"
1699, 3, 美郷町, http://www.town.miyazaki-misato.lg.jp/"
1700, 3, 高千穂町, https://www.town-takachiho.jp/"
1701, 3, 日之影町, http://www.town.hinokage.lg.jp/"
1702, 3, 五ヶ瀬町, http://www.town.gokase.miyazaki.jp/"
1703, 1, 鹿児島県, https://www.pref.kagoshima.jp/"
1704, 鹿児島市, https://www.city.kagoshima.lg.jp/"
1705, 鹿屋市, https://www.city.kanoya.lg.jp/"
1706, 枕崎市, https://www.city.makurazaki.lg.jp/"
1707, 阿久根市, https://www.city.akune.lg.jp/"
1708, 出水市, https://www.city.kagoshima-izumi.lg.jp/"
1709, 指宿市, https://www.city.ibusuki.lg.jp/"
1710, 西之表市, http://www.city.nishinoomote.lg.jp/"
1711, 垂水市, http://www.city.tarumizu.lg.jp/"
1712, 薩摩川内市, https://www.city.satsumasendai.lg.jp/"
1713, 日置市, https://www.city.hioki.kagoshima.jp/"
1714, 曽於市, https://www.city.soo.kagoshima.jp/"
1715, 霧島市, https://www.city-kirishima.jp/"
1716, いちき串木野市, https://www.city.ichikikushikino.lg.jp/"
1717, 南さつま市, http://www.city.minamisatsuma.lg.jp/"
1718, 志布志市, http://www.city.shibushi.lg.jp/"
1719, 奄美市, http://www.city.amami.lg.jp/"
1720, 南九州市, https://www.city.minamikyushu.lg.jp/"
1721, 伊佐市, https://www.city.isa.kagoshima.jp/"
1722, 姶良市, https://www.city.aira.lg.jp/"
1723, 4, 三島村, http://mishimamura.com/"
1724, 4, 十島村, http://www.tokara.jp/"
1725, 3, さつま町, http://www.satsuma-net.jp/"
1726, 3, 長島町, https://www.town.nagashima.lg.jp/"
1727, 3, 湧水町, http://www.town.yusui.kagoshima.jp/"
1728, 3, 大崎町, http://www.town.kagoshima-osaki.lg.jp/"
1729, 3, 東串良町, http://www.higashikushira.com/"
1730, 3, 錦江町, http://www.town.kinko.lg.jp/"
1731, 3, 南大隅町, http://www.town.minamiosumi.lg.jp/"
1732, 3, 肝付町, https://kimotsuki-town.jp/"
1733, 3, 中種子町, http://town.nakatane.kagoshima.jp/"
1734, 3, 南種子町, http://www.town.minamitane.kagoshima.jp/"
1735, 3, 屋久島町, http://www.town.yakushima.kagoshima.jp/"
1736, 4, 大和村, http://www.vill.yamato.lg.jp/"
1737, 4, 宇検村, http://www.uken.net/"
1738, 3, 瀬戸内町, https://www.town.setouchi.lg.jp/"
1739, 3, 龍郷町, http://www.town.tatsugo.lg.jp/"
1740, 3, 喜界町, http://www.town.kikai.lg.jp/"
1741, 3, 徳之島町, http://www.tokunoshima-town.org/"
1742, 3, 天城町, https://www.town.amagi.lg.jp/"
1743, 3, 伊仙町, http://www.town.isen.kagoshima.jp/"
1744, 3, 和泊町, http://www.town.wadomari.lg.jp/"
1745, 3, 知名町, http://www.town.china.lg.jp/"
1746, 3, 与論町, https://www.yoron.jp/"
1747, 1, 沖縄県, https://www.pref.okinawa.lg.jp/"
1748, 那覇市, https://www.city.naha.okinawa.jp/"
1749, 宜野湾市, https://www.city.ginowan.lg.jp/"
1750, 石垣市, https://www.city.ishigaki.okinawa.jp/"
1751, 浦添市, https://www.city.urasoe.lg.jp/"
1752, 名護市, http://www.city.nago.okinawa.jp/"
1753, 糸満市, http://www.city.itoman.lg.jp/"
1754, 沖縄市, https://www.city.okinawa.okinawa.jp/"
1755, 豊見城市, https://www.city.tomigusuku.lg.jp/"
1756, うるま市, https://www.city.uruma.lg.jp/"
1757, 宮古島市, https://www.city.miyakojima.lg.jp/"
1758, 南城市, https://www.city.nanjo.okinawa.jp/"
1759, 4, 国頭村, http://www.vill.kunigami.okinawa.jp/"
1760, 4, 大宜味村, http://www.vill.ogimi.okinawa.jp/"
1761, 4, 東村, http://www.vill.higashi.okinawa.jp/"
1762, 4, 今帰仁村, https://www.nakijin.jp/"
1763, 3, 本部町, http://www.town.motobu.okinawa.jp/"
1764, 4, 恩納村, https://www.vill.onna.okinawa.jp/"
1765, 4, 宜野座村, http://www.vill.ginoza.okinawa.jp/"
1766, 3, 金武町, https://www.town.kin.okinawa.jp/"
1767, 4, 伊江村, https://www.iejima.org/"
1768, 4, 読谷村, https://www.vill.yomitan.okinawa.jp/"
1769, 3, 嘉手納町, https://www.town.kadena.okinawa.jp/"
1770, 3, 北谷町, https://www.chatan.jp/"
1771, 4, 北中城村, https://www.vill.kitanakagusuku.lg.jp/"
1772, 4, 中城村, https://www.vill.nakagusuku.okinawa.jp/"
1773, 3, 西原町, http://www.town.nishihara.okinawa.jp/"
1774, 3, 与那原町, http://www.town.yonabaru.okinawa.jp/"
1775, 3, 南風原町, http://www.town.haebaru.lg.jp/"
1776, 4, 渡嘉敷村, http://www.vill.tokashiki.okinawa.jp/"
1777, 4, 座間味村, https://www.vill.zamami.okinawa.jp/"
1778, 4, 粟国村, http://www.vill.aguni.okinawa.jp/"
1779, 4, 渡名喜村, http://www.vill.tonaki.okinawa.jp/"
1780, 4, 南大東村, http://www.vill.minamidaito.okinawa.jp/"
1781, 4, 北大東村, http://vill.kitadaito.okinawa.jp/"
1782, 4, 伊平屋村, http://www.vill.iheya.okinawa.jp/"
1783, 4, 伊是名村, http://vill.izena.okinawa.jp/"
1784, 3, 久米島町, http://www.town.kumejima.okinawa.jp/"
1785, 3, 八重瀬町, https://www.town.yaese.lg.jp/"
1786, 4, 多良間村, http://www.vill.tarama.okinawa.jp/"
1787, 3, 竹富町, https://www.town.taketomi.lg.jp/"
1788, 3, 与那国町, https://www.town.yonaguni.okinawa.jp/"
